timestamp_et	close	running_vwap	volume
2026-04-15T09:30:00-04:00	37.3382	36.4627	121966
2026-04-15T09:31:00-04:00	37.6050	36.9232	93318
2026-04-15T09:32:00-04:00	38.1900	37.5004	182834
2026-04-15T09:33:00-04:00	37.5100	37.5185	66763
2026-04-15T09:34:00-04:00	36.8000	37.4846	25593
2026-04-15T09:35:00-04:00	36.7700	37.3760	81538
2026-04-15T09:36:00-04:00	37.5500	37.3606	52685
2026-04-15T09:37:00-04:00	37.3400	37.3705	41820
2026-04-15T09:38:00-04:00	37.8700	37.3765	16770
2026-04-15T09:39:00-04:00	37.8050	37.3850	15004
2026-04-15T09:40:00-04:00	37.5050	37.3876	16482
2026-04-15T09:41:00-04:00	37.3100	37.3856	14107
2026-04-15T09:42:00-04:00	37.1700	37.3840	7689
2026-04-15T09:43:00-04:00	37.0020	37.3704	25434
2026-04-15T09:44:00-04:00	36.1750	37.3088	50788
2026-04-15T09:45:00-04:00	35.1700	37.1968	53648
2026-04-15T09:46:00-04:00	35.6681	37.1259	35706
2026-04-15T09:47:00-04:00	36.1500	37.0389	74564
2026-04-15T09:48:00-04:00	35.5600	37.0142	16773
2026-04-15T09:49:00-04:00	35.9500	36.9939	17854
2026-04-15T09:50:00-04:00	36.0900	36.9733	23024
2026-04-15T09:51:00-04:00	36.9150	36.9668	23769
2026-04-15T09:52:00-04:00	36.6280	36.9442	71970
2026-04-15T09:53:00-04:00	36.3300	36.9376	12819
2026-04-15T09:54:00-04:00	36.1400	36.9305	10417
2026-04-15T09:55:00-04:00	36.2750	36.9263	6137
2026-04-15T09:56:00-04:00	36.5400	36.9245	6079
2026-04-15T09:57:00-04:00	36.8700	36.9236	8547
2026-04-15T09:58:00-04:00	36.9218	36.9234	13210
2026-04-15T09:59:00-04:00	36.9200	36.9239	24890
2026-04-15T10:00:00-04:00	36.9900	36.9243	9706
2026-04-15T10:01:00-04:00	37.2800	36.9272	13839
2026-04-15T10:02:00-04:00	36.9900	36.9287	15039
2026-04-15T10:03:00-04:00	36.5593	36.9252	18494
2026-04-15T10:04:00-04:00	36.5512	36.9236	6805
2026-04-15T10:05:00-04:00	37.0000	36.9236	21235
2026-04-15T10:06:00-04:00	37.1200	36.9243	4833
2026-04-15T10:07:00-04:00	37.3850	36.9349	33735
2026-04-15T10:08:00-04:00	37.3200	36.9466	40732
2026-04-15T10:09:00-04:00	36.7500	36.9465	11297
2026-04-15T10:10:00-04:00	36.7450	36.9457	4763
2026-04-15T10:11:00-04:00	36.7700	36.9456	653
2026-04-15T10:12:00-04:00	36.9100	36.9453	9211
2026-04-15T10:13:00-04:00	36.9000	36.9453	500
2026-04-15T10:14:00-04:00	36.5750	36.9373	44731
2026-04-15T10:15:00-04:00	36.5200	36.9355	6458
2026-04-15T10:16:00-04:00	36.6600	36.9350	2354
2026-04-15T10:17:00-04:00	36.5200	36.9347	955
2026-04-15T10:18:00-04:00	36.3501	36.9340	2116
2026-04-15T10:19:00-04:00	36.5000	36.9332	2435
2026-04-15T10:20:00-04:00	36.3000	36.9284	11928
2026-04-15T10:21:00-04:00	35.3300	36.8665	69963
2026-04-15T10:22:00-04:00	35.8050	36.8393	38259
2026-04-15T10:23:00-04:00	36.3950	36.8359	8490
2026-04-15T10:24:00-04:00	36.4700	36.8318	17133
2026-04-15T10:25:00-04:00	36.5050	36.8309	6127
2026-04-15T10:26:00-04:00	36.6799	36.8299	7554
2026-04-15T10:27:00-04:00	36.5750	36.8293	4063
2026-04-15T10:28:00-04:00	36.6800	36.8291	2335
2026-04-15T10:29:00-04:00	37.2923	36.8304	8979
2026-04-15T10:30:00-04:00	36.5200	36.8301	14294
2026-04-15T10:31:00-04:00	36.6200	36.8299	969
2026-04-15T10:32:00-04:00	36.6100	36.8294	5112
2026-04-15T10:33:00-04:00	36.6200	36.8286	4379
2026-04-15T10:34:00-04:00	36.2601	36.8278	2992
2026-04-15T10:35:00-04:00	36.2603	36.8259	6781
2026-04-15T10:36:00-04:00	36.4557	36.8255	1734
2026-04-15T10:37:00-04:00	36.3400	36.8255	119
2026-04-15T10:38:00-04:00	36.1250	36.8215	10531
2026-04-15T10:39:00-04:00	35.9964	36.8198	3658
2026-04-15T10:40:00-04:00	36.0100	36.8174	4491
2026-04-15T10:41:00-04:00	36.2300	36.8165	2347
2026-04-15T10:42:00-04:00	36.1800	36.8134	8204
2026-04-15T10:43:00-04:00	36.1700	36.8127	1699
2026-04-15T10:44:00-04:00	36.1750	36.8123	1112
2026-04-15T10:45:00-04:00	36.0750	36.8097	6286
2026-04-15T10:46:00-04:00	36.0700	36.8091	1384
2026-04-15T10:47:00-04:00	36.0650	36.8086	1290
2026-04-15T10:48:00-04:00	35.9250	36.8049	7873
2026-04-15T10:49:00-04:00	36.0400	36.8020	5807
2026-04-15T10:50:00-04:00	35.9425	36.8018	417
2026-04-15T10:51:00-04:00	36.1400	36.7944	17088
2026-04-15T10:52:00-04:00	35.7100	36.7928	2794
2026-04-15T10:53:00-04:00	35.6901	36.7896	5273
2026-04-15T10:54:00-04:00	35.0300	36.7577	37534
2026-04-15T10:55:00-04:00	35.1850	36.7316	29221
2026-04-15T10:56:00-04:00	35.2500	36.7173	17639
2026-04-15T10:57:00-04:00	35.2650	36.7118	6969
2026-04-15T10:58:00-04:00	35.4600	36.7017	14471
2026-04-15T10:59:00-04:00	35.4268	36.6933	13214
2026-04-15T11:00:00-04:00	35.6000	36.6888	7798
2026-04-15T11:01:00-04:00	35.4800	36.6834	8636
2026-04-15T11:02:00-04:00	35.4600	36.6744	13404
2026-04-15T11:03:00-04:00	35.4600	36.6733	1777
2026-04-15T11:04:00-04:00	35.7100	36.6704	5348
2026-04-15T11:05:00-04:00	35.7800	36.6675	6056
2026-04-15T11:06:00-04:00	35.6400	36.6663	2340
2026-04-15T11:07:00-04:00	35.7650	36.6657	1364
2026-04-15T11:08:00-04:00	35.8600	36.6639	4220
2026-04-15T11:09:00-04:00	36.0150	36.6624	3982
2026-04-15T11:10:00-04:00	35.9001	36.6617	1692
2026-04-15T11:11:00-04:00	35.9500	36.6601	4480
2026-04-15T11:12:00-04:00	36.0700	36.6584	5663
2026-04-15T11:13:00-04:00	36.0195	36.6578	1763
2026-04-15T11:14:00-04:00	36.1800	36.6575	1181
2026-04-15T11:15:00-04:00	36.0201	36.6572	1113
2026-04-15T11:16:00-04:00	36.2000	36.6563	3581
2026-04-15T11:17:00-04:00	36.0900	36.6558	1772
2026-04-15T11:18:00-04:00	36.2000	36.6553	1870
2026-04-15T11:19:00-04:00	36.1900	36.6545	3152
2026-04-15T11:20:00-04:00	36.2400	36.6541	2277
2026-04-15T11:21:00-04:00	36.0700	36.6524	6372
2026-04-15T11:22:00-04:00	36.3600	36.6516	5215
2026-04-15T11:23:00-04:00	36.4700	36.6487	25689
2026-04-15T11:24:00-04:00	36.6000	36.6485	4916
2026-04-15T11:25:00-04:00	36.5000	36.6481	6458
2026-04-15T11:26:00-04:00	36.6400	36.6480	6668
2026-04-15T11:27:00-04:00	36.5950	36.6479	3993
2026-04-15T11:28:00-04:00	36.5900	36.6478	2182
2026-04-15T11:29:00-04:00	36.5850	36.6478	4679
2026-04-15T11:30:00-04:00	36.4900	36.6473	6314
2026-04-15T11:31:00-04:00	36.3600	36.6467	5563
2026-04-15T11:32:00-04:00	36.5500	36.6466	968
2026-04-15T11:33:00-04:00	36.4200	36.6465	1035
2026-04-15T11:34:00-04:00	36.3500	36.6459	4120
2026-04-15T11:35:00-04:00	36.4500	36.6454	4003
2026-04-15T11:36:00-04:00	37.3150	36.6519	30444
2026-04-15T11:37:00-04:00	37.1000	36.6600	33237
2026-04-15T11:38:00-04:00	37.1900	36.6646	16641
2026-04-15T11:39:00-04:00	37.0781	36.6652	2778
2026-04-15T11:40:00-04:00	37.2700	36.6672	8208
2026-04-15T11:41:00-04:00	37.2250	36.6678	2252
2026-04-15T11:42:00-04:00	37.4400	36.6685	1888
2026-04-15T11:43:00-04:00	37.8300	36.6806	25017
2026-04-15T11:44:00-04:00	37.7150	36.6862	11414
2026-04-15T11:45:00-04:00	37.7200	36.6885	4840
2026-04-15T11:46:00-04:00	37.8100	36.6989	21697
2026-04-15T11:47:00-04:00	37.7950	36.7034	9161
2026-04-15T11:48:00-04:00	37.9000	36.7100	12715
2026-04-15T11:49:00-04:00	37.9299	36.7149	9469
2026-04-15T11:50:00-04:00	37.8945	36.7177	5308
2026-04-15T11:51:00-04:00	37.9100	36.7217	7819
2026-04-15T11:52:00-04:00	38.1300	36.7390	29258
2026-04-15T11:53:00-04:00	38.0350	36.7444	9372
2026-04-15T11:54:00-04:00	37.6939	36.7514	15589
2026-04-15T11:55:00-04:00	37.6600	36.7556	9732
2026-04-15T11:56:00-04:00	37.5850	36.7571	4538
2026-04-15T11:57:00-04:00	37.6500	36.7591	5107
2026-04-15T11:58:00-04:00	37.8430	36.7641	11297
2026-04-15T11:59:00-04:00	37.8200	36.7651	2124
2026-04-15T12:00:00-04:00	37.8350	36.7688	8216
2026-04-15T12:01:00-04:00	37.8350	36.7699	2468
2026-04-15T12:02:00-04:00	37.8350	36.7702	652
2026-04-15T12:03:00-04:00	38.2450	36.7872	29914
2026-04-15T12:04:00-04:00	38.2710	36.7922	8161
2026-04-15T12:05:00-04:00	38.2450	36.7997	11992
2026-04-15T12:06:00-04:00	38.1700	36.8064	11459
2026-04-15T12:07:00-04:00	38.2700	36.8089	4375
2026-04-15T12:08:00-04:00	38.2001	36.8100	1881
2026-04-15T12:09:00-04:00	38.1500	36.8121	3575
2026-04-15T12:10:00-04:00	38.2000	36.8132	1960
2026-04-15T12:11:00-04:00	38.2000	36.8145	2213
2026-04-15T12:12:00-04:00	38.2250	36.8154	1637
2026-04-15T12:13:00-04:00	38.2200	36.8167	2137
2026-04-15T12:14:00-04:00	38.2130	36.8178	2070
2026-04-15T12:15:00-04:00	38.2150	36.8211	5757
2026-04-15T12:16:00-04:00	38.2750	36.8228	2876
2026-04-15T12:17:00-04:00	38.2600	36.8258	5015
2026-04-15T12:18:00-04:00	38.3000	36.8265	1090
2026-04-15T12:19:00-04:00	38.3000	36.8285	3335
2026-04-15T12:20:00-04:00	38.3100	36.8302	2734
2026-04-15T12:21:00-04:00	38.4300	36.8323	3371
2026-04-15T12:22:00-04:00	38.5800	36.8405	11922
2026-04-15T12:23:00-04:00	38.4090	36.8430	3977
2026-04-15T12:24:00-04:00	38.3899	36.8466	5771
2026-04-15T12:25:00-04:00	38.3550	36.8492	4280
2026-04-15T12:26:00-04:00	38.3900	36.8504	2026
2026-04-15T12:27:00-04:00	38.2300	36.8541	6610
2026-04-15T12:28:00-04:00	38.2700	36.8581	7144
2026-04-15T12:29:00-04:00	38.2750	36.8594	2350
2026-04-15T12:30:00-04:00	38.2400	36.8608	2582
2026-04-15T12:31:00-04:00	38.1200	36.8620	2350
2026-04-15T12:32:00-04:00	38.1013	36.8630	2114
2026-04-15T12:33:00-04:00	37.9650	36.8680	11374
2026-04-15T12:34:00-04:00	37.7950	36.8746	17968
2026-04-15T12:35:00-04:00	37.8950	36.8806	15420
2026-04-15T12:36:00-04:00	37.9850	36.8812	1356
2026-04-15T12:37:00-04:00	38.0400	36.8838	5902
2026-04-15T12:38:00-04:00	37.9050	36.8859	4979
2026-04-15T12:39:00-04:00	37.8100	36.8871	3216
2026-04-15T12:40:00-04:00	37.7300	36.8876	1703
2026-04-15T12:41:00-04:00	37.6300	36.8892	5345
2026-04-15T12:42:00-04:00	37.5250	36.8913	8501
2026-04-15T12:43:00-04:00	37.5800	36.8952	15507
2026-04-15T12:44:00-04:00	37.6600	36.8965	4958
2026-04-15T12:45:00-04:00	37.5900	36.8970	1632
2026-04-15T12:46:00-04:00	37.6500	36.8972	668
2026-04-15T12:47:00-04:00	37.5450	36.8987	6000
2026-04-15T12:48:00-04:00	37.5100	36.8994	2893
2026-04-15T12:49:00-04:00	37.6600	36.8998	1457
2026-04-15T12:50:00-04:00	37.6300	36.9010	4046
2026-04-15T12:51:00-04:00	37.6500	36.9016	2286
2026-04-15T12:52:00-04:00	37.4800	36.9035	7602
2026-04-15T12:53:00-04:00	37.5450	36.9045	4765
2026-04-15T12:54:00-04:00	37.5450	36.9054	3918
2026-04-15T12:55:00-04:00	37.2335	36.9070	9882
2026-04-15T12:56:00-04:00	37.1800	36.9075	4625
2026-04-15T12:57:00-04:00	36.8900	36.9076	35575
2026-04-15T12:58:00-04:00	36.4150	36.9046	19267
2026-04-15T12:59:00-04:00	36.6150	36.9034	8264
2026-04-15T13:00:00-04:00	36.8000	36.9029	6443
2026-04-15T13:01:00-04:00	36.6650	36.9024	7206
2026-04-15T13:02:00-04:00	36.8800	36.9023	5950
2026-04-15T13:03:00-04:00	37.0600	36.9025	3215
2026-04-15T13:04:00-04:00	37.0000	36.9027	3492
2026-04-15T13:05:00-04:00	36.8550	36.9027	2711
2026-04-15T13:06:00-04:00	36.9850	36.9027	1931
2026-04-15T13:07:00-04:00	37.0300	36.9028	2058
2026-04-15T13:08:00-04:00	37.0250	36.9031	6762
2026-04-15T13:09:00-04:00	37.0900	36.9032	1720
2026-04-15T13:10:00-04:00	37.0250	36.9032	435
2026-04-15T13:11:00-04:00	36.9300	36.9032	4204
2026-04-15T13:12:00-04:00	36.8700	36.9034	6032
2026-04-15T13:14:00-04:00	36.8700	36.9034	1124
2026-04-15T13:15:00-04:00	36.5000	36.9029	4677
2026-04-15T13:16:00-04:00	36.5200	36.9028	1156
2026-04-15T13:17:00-04:00	36.6850	36.9027	951
2026-04-15T13:18:00-04:00	36.6700	36.9026	1516
2026-04-15T13:19:00-04:00	36.7505	36.9021	8796
2026-04-15T13:20:00-04:00	36.8200	36.9020	254
2026-04-15T13:21:00-04:00	36.8500	36.9020	1128
2026-04-15T13:22:00-04:00	36.8600	36.9020	2611
2026-04-15T13:24:00-04:00	36.8600	36.9020	1527
2026-04-15T13:25:00-04:00	36.8550	36.9019	2025
2026-04-15T13:26:00-04:00	36.9100	36.9019	2021
2026-04-15T13:27:00-04:00	36.8200	36.9019	489
2026-04-15T13:28:00-04:00	36.7350	36.9018	1952
2026-04-15T13:29:00-04:00	36.7950	36.9017	1965
2026-04-15T13:30:00-04:00	36.7950	36.9017	688
2026-04-15T13:31:00-04:00	36.7950	36.9017	152
2026-04-15T13:32:00-04:00	36.7900	36.9015	3010
2026-04-15T13:33:00-04:00	36.7500	36.9014	2424
2026-04-15T13:34:00-04:00	36.8200	36.9012	6679
2026-04-15T13:35:00-04:00	36.9100	36.9012	601
2026-04-15T13:36:00-04:00	36.8550	36.9012	542
2026-04-15T13:37:00-04:00	36.9000	36.9012	4989
2026-04-15T13:38:00-04:00	36.8600	36.9012	1818
2026-04-15T13:39:00-04:00	36.9000	36.9012	493
2026-04-15T13:40:00-04:00	36.8500	36.9012	4396
2026-04-15T13:41:00-04:00	36.9500	36.9012	600
2026-04-15T13:42:00-04:00	36.7750	36.9012	244
2026-04-15T13:43:00-04:00	36.8400	36.9011	606
2026-04-15T13:44:00-04:00	36.8600	36.9011	802
2026-04-15T13:45:00-04:00	36.8600	36.9011	392
2026-04-15T13:46:00-04:00	36.8650	36.9011	651
2026-04-15T13:47:00-04:00	36.8750	36.9011	2001
2026-04-15T13:48:00-04:00	36.8800	36.9011	173
2026-04-15T13:49:00-04:00	36.8800	36.9011	200
2026-04-15T13:50:00-04:00	36.8800	36.9011	17785
2026-04-15T13:51:00-04:00	36.9400	36.9011	1558
2026-04-15T13:52:00-04:00	36.8800	36.9011	1781
2026-04-15T13:53:00-04:00	36.8500	36.9009	6350
2026-04-15T13:54:00-04:00	36.7900	36.9009	358
2026-04-15T13:55:00-04:00	36.7900	36.9009	514
2026-04-15T13:56:00-04:00	36.8750	36.9008	15235
2026-04-15T13:57:00-04:00	37.0000	36.9015	26410
2026-04-15T13:58:00-04:00	36.9000	36.9015	2532
2026-04-15T13:59:00-04:00	36.8951	36.9015	1386
2026-04-15T14:00:00-04:00	36.6150	36.9003	16730
2026-04-15T14:01:00-04:00	36.6150	36.8999	4028
2026-04-15T14:02:00-04:00	36.6900	36.8994	6969
2026-04-15T14:03:00-04:00	36.7400	36.8994	240
2026-04-15T14:04:00-04:00	36.7400	36.8994	621
2026-04-15T14:05:00-04:00	36.9600	36.8994	3195
2026-04-15T14:06:00-04:00	36.9900	36.8994	1684
2026-04-15T14:07:00-04:00	37.0000	36.8994	601
2026-04-15T14:08:00-04:00	37.0400	36.8995	1466
2026-04-15T14:09:00-04:00	37.0100	36.8996	2588
2026-04-15T14:10:00-04:00	36.9700	36.8996	1217
2026-04-15T14:11:00-04:00	36.9350	36.8997	3042
2026-04-15T14:12:00-04:00	37.0050	36.8998	2538
2026-04-15T14:13:00-04:00	37.0400	36.8998	292
2026-04-15T14:14:00-04:00	37.0450	36.8999	2183
2026-04-15T14:15:00-04:00	37.0500	36.8999	711
2026-04-15T14:16:00-04:00	36.9400	36.9001	6240
2026-04-15T14:17:00-04:00	36.9300	36.9001	3525
2026-04-15T14:18:00-04:00	36.9300	36.9002	1375
2026-04-15T14:19:00-04:00	36.9800	36.9002	962
2026-04-15T14:20:00-04:00	37.1100	36.9007	11166
2026-04-15T14:21:00-04:00	37.3850	36.9015	5655
2026-04-15T14:22:00-04:00	37.4700	36.9024	4622
2026-04-15T14:23:00-04:00	37.4200	36.9054	15935
2026-04-15T14:24:00-04:00	37.4200	36.9055	511
2026-04-15T14:25:00-04:00	37.5300	36.9088	15934
2026-04-15T14:26:00-04:00	37.6502	36.9092	1519
2026-04-15T14:27:00-04:00	37.4450	36.9121	15557
2026-04-15T14:28:00-04:00	37.5900	36.9127	3361
2026-04-15T14:29:00-04:00	37.5600	36.9133	2690
2026-04-15T14:30:00-04:00	37.5650	36.9135	828
2026-04-15T14:31:00-04:00	37.6500	36.9144	4252
2026-04-15T14:32:00-04:00	37.6500	36.9149	1998
2026-04-15T14:33:00-04:00	37.8500	36.9176	9054
2026-04-15T14:34:00-04:00	37.8200	36.9191	4888
2026-04-15T14:35:00-04:00	37.8450	36.9193	564
2026-04-15T14:36:00-04:00	37.7700	36.9211	6581
2026-04-15T14:37:00-04:00	37.7650	36.9221	3662
2026-04-15T14:38:00-04:00	37.7650	36.9223	743
2026-04-15T14:39:00-04:00	37.7650	36.9227	1354
2026-04-15T14:40:00-04:00	37.7900	36.9245	6609
2026-04-15T14:42:00-04:00	37.7200	36.9254	3428
2026-04-15T14:43:00-04:00	37.8000	36.9260	2273
2026-04-15T14:44:00-04:00	37.8200	36.9267	2296
2026-04-15T14:45:00-04:00	37.7600	36.9274	2418
2026-04-15T14:46:00-04:00	37.8100	36.9276	979
2026-04-15T14:47:00-04:00	37.7100	36.9278	488
2026-04-15T14:48:00-04:00	37.7600	36.9280	966
2026-04-15T14:49:00-04:00	37.8600	36.9291	3620
2026-04-15T14:50:00-04:00	37.9200	36.9325	10960
2026-04-15T14:51:00-04:00	37.8200	36.9336	3530
2026-04-15T14:52:00-04:00	37.9200	36.9340	1430
2026-04-15T14:54:00-04:00	38.0000	36.9362	6534
2026-04-15T14:55:00-04:00	38.0200	36.9380	5199
2026-04-15T14:56:00-04:00	37.9950	36.9387	2107
2026-04-15T14:57:00-04:00	38.0580	36.9396	2718
2026-04-15T14:58:00-04:00	38.0400	36.9407	3005
2026-04-15T14:59:00-04:00	38.0713	36.9411	1195
2026-04-15T15:00:00-04:00	38.0300	36.9422	3018
2026-04-15T15:01:00-04:00	38.1050	36.9434	3269
2026-04-15T15:02:00-04:00	38.1300	36.9443	2416
2026-04-15T15:03:00-04:00	38.1000	36.9462	4944
2026-04-15T15:04:00-04:00	38.0850	36.9468	1628
2026-04-15T15:05:00-04:00	38.0850	36.9469	387
2026-04-15T15:06:00-04:00	38.1292	36.9517	12522
2026-04-15T15:07:00-04:00	38.1600	36.9536	4884
2026-04-15T15:08:00-04:00	38.1350	36.9557	5660
2026-04-15T15:09:00-04:00	38.1350	36.9566	2419
2026-04-15T15:10:00-04:00	38.3300	36.9583	4054
2026-04-15T15:11:00-04:00	38.2600	36.9603	4791
2026-04-15T15:12:00-04:00	38.3800	36.9616	3117
2026-04-15T15:13:00-04:00	38.3000	36.9627	2537
2026-04-15T15:14:00-04:00	38.2950	36.9660	7734
2026-04-15T15:15:00-04:00	38.2700	36.9675	3778
2026-04-15T15:16:00-04:00	38.1750	36.9677	540
2026-04-15T15:17:00-04:00	38.1750	36.9679	722
2026-04-15T15:18:00-04:00	38.2050	36.9696	4217
2026-04-15T15:19:00-04:00	38.1950	36.9700	1112
2026-04-15T15:20:00-04:00	38.2150	36.9706	1702
2026-04-15T15:21:00-04:00	38.2500	36.9716	2441
2026-04-15T15:22:00-04:00	38.2800	36.9721	1213
2026-04-15T15:23:00-04:00	38.3800	36.9734	2962
2026-04-15T15:24:00-04:00	38.4900	36.9755	4788
2026-04-15T15:25:00-04:00	38.4400	36.9762	1553
2026-04-15T15:26:00-04:00	38.4950	36.9778	3426
2026-04-15T15:27:00-04:00	38.5050	36.9812	7023
2026-04-15T15:28:00-04:00	38.5200	36.9852	8558
2026-04-15T15:29:00-04:00	38.5450	36.9869	3544
2026-04-15T15:30:00-04:00	38.6000	36.9923	11010
2026-04-15T15:31:00-04:00	38.5700	36.9980	11352
2026-04-15T15:32:00-04:00	38.3700	37.0004	5576
2026-04-15T15:33:00-04:00	38.3300	37.0034	7058
2026-04-15T15:34:00-04:00	38.7980	37.0069	6954
2026-04-15T15:35:00-04:00	38.8500	37.0129	10715
2026-04-15T15:36:00-04:00	38.8350	37.0162	5942
2026-04-15T15:37:00-04:00	38.8400	37.0200	7049
2026-04-15T15:38:00-04:00	38.8399	37.0225	4583
2026-04-15T15:39:00-04:00	38.8700	37.0260	6376
2026-04-15T15:40:00-04:00	38.9150	37.0301	7274
2026-04-15T15:41:00-04:00	39.2400	37.0605	48146
2026-04-15T15:42:00-04:00	39.3000	37.0978	56140
2026-04-15T15:43:00-04:00	39.3600	37.1084	16106
2026-04-15T15:44:00-04:00	39.2950	37.1119	5531
2026-04-15T15:45:00-04:00	39.3200	37.1184	10343
2026-04-15T15:46:00-04:00	39.2800	37.1199	2300
2026-04-15T15:47:00-04:00	39.2100	37.1232	5522
2026-04-15T15:48:00-04:00	39.2100	37.1276	7240
2026-04-15T15:49:00-04:00	39.0800	37.1338	10747
2026-04-15T15:50:00-04:00	39.5300	37.1497	24644
2026-04-15T15:51:00-04:00	39.5500	37.1628	19340
2026-04-15T15:52:00-04:00	39.6150	37.1725	13994
2026-04-15T15:53:00-04:00	39.5700	37.1782	8455
2026-04-15T15:54:00-04:00	39.6300	37.1861	11876
2026-04-15T15:55:00-04:00	39.7300	37.1983	17507
2026-04-15T15:56:00-04:00	39.8500	37.2144	22325
2026-04-15T15:57:00-04:00	39.8100	37.2377	32269
2026-04-15T15:58:00-04:00	39.9800	37.2733	48182
2026-04-15T15:59:00-04:00	39.6600	37.3284	83673
2026-04-16T09:30:00-04:00	38.6100	38.7617	77797
2026-04-16T09:31:00-04:00	37.4398	38.4960	30868
2026-04-16T09:32:00-04:00	38.1350	38.3853	29680
2026-04-16T09:33:00-04:00	36.8750	37.9445	71362
2026-04-16T09:34:00-04:00	36.9000	37.8514	24589
2026-04-16T09:35:00-04:00	36.7700	37.8000	11924
2026-04-16T09:36:00-04:00	36.5550	37.6963	28860
2026-04-16T09:37:00-04:00	36.6300	37.6628	10095
2026-04-16T09:38:00-04:00	36.6300	37.5935	20593
2026-04-16T09:39:00-04:00	37.0000	37.5674	12341
2026-04-16T09:40:00-04:00	37.1700	37.5312	44902
2026-04-16T09:41:00-04:00	37.1800	37.5238	16772
2026-04-16T09:42:00-04:00	37.7950	37.5475	38363
2026-04-16T09:43:00-04:00	37.7000	37.5579	22790
2026-04-16T09:44:00-04:00	37.6000	37.5597	10976
2026-04-16T09:45:00-04:00	37.5800	37.5607	20867
2026-04-16T09:46:00-04:00	37.3300	37.5496	23478
2026-04-16T09:47:00-04:00	37.3000	37.5475	7114
2026-04-16T09:48:00-04:00	37.2950	37.5406	18011
2026-04-16T09:49:00-04:00	37.3250	37.5138	42058
2026-04-16T09:50:00-04:00	37.0001	37.5083	8421
2026-04-16T09:51:00-04:00	36.7400	37.4794	27563
2026-04-16T09:52:00-04:00	36.4500	37.4355	29181
2026-04-16T09:53:00-04:00	36.5100	37.4155	13377
2026-04-16T09:54:00-04:00	36.2650	37.3708	26023
2026-04-16T09:55:00-04:00	35.7900	37.2170	76854
2026-04-16T09:56:00-04:00	36.1300	37.2013	9685
2026-04-16T09:57:00-04:00	35.8100	37.1589	26107
2026-04-16T09:58:00-04:00	35.8800	37.1454	8294
2026-04-16T09:59:00-04:00	36.1150	37.1149	23296
2026-04-16T10:00:00-04:00	35.9723	37.0994	11538
2026-04-16T10:01:00-04:00	35.9100	37.0860	9507
2026-04-16T10:02:00-04:00	35.9550	37.0592	19705
2026-04-16T10:03:00-04:00	36.0700	37.0506	7015
2026-04-16T10:04:00-04:00	36.0850	37.0336	14701
2026-04-16T10:05:00-04:00	36.2800	37.0155	19259
2026-04-16T10:06:00-04:00	36.4000	36.9926	31759
2026-04-16T10:07:00-04:00	36.3700	36.9859	10121
2026-04-16T10:08:00-04:00	36.4100	36.9788	10792
2026-04-16T10:09:00-04:00	36.4600	36.9779	1713
2026-04-16T10:10:00-04:00	36.1400	36.9631	20070
2026-04-16T10:11:00-04:00	36.2400	36.9564	8515
2026-04-16T10:12:00-04:00	36.2100	36.9527	4708
2026-04-16T10:13:00-04:00	36.2700	36.9462	9427
2026-04-16T10:14:00-04:00	36.3000	36.9418	6426
2026-04-16T10:15:00-04:00	36.3500	36.9365	9503
2026-04-16T10:16:00-04:00	36.3200	36.9327	6285
2026-04-16T10:17:00-04:00	36.1550	36.9298	3881
2026-04-16T10:18:00-04:00	36.1100	36.9153	17985
2026-04-16T10:19:00-04:00	35.9100	36.9055	11277
2026-04-16T10:20:00-04:00	35.9500	36.8933	12944
2026-04-16T10:21:00-04:00	35.8201	36.8871	6556
2026-04-16T10:22:00-04:00	36.0300	36.8830	4780
2026-04-16T10:23:00-04:00	35.9700	36.8784	5474
2026-04-16T10:24:00-04:00	35.9100	36.8735	5993
2026-04-16T10:25:00-04:00	36.1700	36.8700	4855
2026-04-16T10:26:00-04:00	36.2650	36.8618	16479
2026-04-16T10:27:00-04:00	36.2500	36.8613	1077
2026-04-16T10:28:00-04:00	36.2000	36.8578	6273
2026-04-16T10:29:00-04:00	36.3100	36.8553	4876
2026-04-16T10:30:00-04:00	36.4000	36.8528	5260
2026-04-16T10:31:00-04:00	36.2500	36.8527	154
2026-04-16T10:32:00-04:00	36.1800	36.8508	3234
2026-04-16T10:33:00-04:00	36.3200	36.8504	649
2026-04-16T10:34:00-04:00	36.3801	36.8496	2274
2026-04-16T10:35:00-04:00	36.5950	36.8474	8593
2026-04-16T10:36:00-04:00	36.4850	36.8454	7591
2026-04-16T10:37:00-04:00	36.7000	36.8443	6158
2026-04-16T10:38:00-04:00	36.6200	36.8423	13384
2026-04-16T10:39:00-04:00	36.4600	36.8414	3192
2026-04-16T10:40:00-04:00	36.1600	36.8372	8326
2026-04-16T10:41:00-04:00	36.0000	36.8343	4452
2026-04-16T10:42:00-04:00	36.0900	36.8319	3598
2026-04-16T10:43:00-04:00	36.2267	36.8278	7962
2026-04-16T10:44:00-04:00	36.3500	36.8277	344
2026-04-16T10:45:00-04:00	36.0650	36.8270	1106
2026-04-16T10:46:00-04:00	36.0650	36.8218	8066
2026-04-16T10:47:00-04:00	35.6291	36.8068	17330
2026-04-16T10:48:00-04:00	35.5698	36.7782	27608
2026-04-16T10:49:00-04:00	35.7099	36.7581	22248
2026-04-16T10:50:00-04:00	35.5700	36.7533	5221
2026-04-16T10:51:00-04:00	35.6600	36.7487	5270
2026-04-16T10:52:00-04:00	35.6500	36.7450	4165
2026-04-16T10:53:00-04:00	35.7050	36.7368	10229
2026-04-16T10:54:00-04:00	35.5000	36.7326	4716
2026-04-16T10:55:00-04:00	35.4950	36.7219	11751
2026-04-16T10:56:00-04:00	35.4500	36.7176	4506
2026-04-16T10:57:00-04:00	35.3600	36.7122	5393
2026-04-16T10:58:00-04:00	35.4650	36.7030	9492
2026-04-16T10:59:00-04:00	35.4450	36.6970	6636
2026-04-16T11:00:00-04:00	35.2400	36.6684	27153
2026-04-16T11:01:00-04:00	35.2800	36.6619	6244
2026-04-16T11:02:00-04:00	35.2500	36.6583	3472
2026-04-16T11:03:00-04:00	35.1700	36.6532	4808
2026-04-16T11:04:00-04:00	35.2000	36.6469	6143
2026-04-16T11:05:00-04:00	35.1500	36.6405	5973
2026-04-16T11:06:00-04:00	35.3300	36.6357	4949
2026-04-16T11:07:00-04:00	35.3300	36.6258	10540
2026-04-16T11:08:00-04:00	35.3827	36.6169	10278
2026-04-16T11:09:00-04:00	35.3650	36.6102	7753
2026-04-16T11:10:00-04:00	35.4236	36.6075	3170
2026-04-16T11:11:00-04:00	35.7400	36.5999	11565
2026-04-16T11:12:00-04:00	35.9800	36.5933	14215
2026-04-16T11:13:00-04:00	35.9400	36.5899	7506
2026-04-16T11:14:00-04:00	36.0199	36.5876	5301
2026-04-16T11:15:00-04:00	36.2399	36.5849	8838
2026-04-16T11:16:00-04:00	36.0300	36.5825	6600
2026-04-16T11:17:00-04:00	35.8650	36.5792	7307
2026-04-16T11:18:00-04:00	35.9660	36.5784	1805
2026-04-16T11:19:00-04:00	35.9000	36.5745	8949
2026-04-16T11:20:00-04:00	35.9800	36.5708	9111
2026-04-16T11:21:00-04:00	35.9200	36.5707	384
2026-04-16T11:22:00-04:00	35.9200	36.5691	3538
2026-04-16T11:23:00-04:00	35.9800	36.5666	6561
2026-04-16T11:24:00-04:00	35.8900	36.5637	6968
2026-04-16T11:25:00-04:00	35.9960	36.5592	11895
2026-04-16T11:26:00-04:00	36.0800	36.5584	2849
2026-04-16T11:27:00-04:00	36.2750	36.5571	5737
2026-04-16T11:28:00-04:00	36.2750	36.5570	1062
2026-04-16T11:29:00-04:00	36.2625	36.5557	6914
2026-04-16T11:30:00-04:00	36.2896	36.5549	3897
2026-04-16T11:31:00-04:00	36.4250	36.5542	7962
2026-04-16T11:32:00-04:00	36.5398	36.5538	9968
2026-04-16T11:33:00-04:00	36.4001	36.5533	7552
2026-04-16T11:34:00-04:00	36.2350	36.5517	10673
2026-04-16T11:35:00-04:00	36.4568	36.5509	8784
2026-04-16T11:36:00-04:00	36.7000	36.5511	6268
2026-04-16T11:37:00-04:00	36.9200	36.5548	24585
2026-04-16T11:38:00-04:00	36.8879	36.5563	7482
2026-04-16T11:39:00-04:00	36.8200	36.5577	8459
2026-04-16T11:40:00-04:00	36.6700	36.5585	7475
2026-04-16T11:41:00-04:00	36.7350	36.5595	8778
2026-04-16T11:42:00-04:00	36.6600	36.5600	6068
2026-04-16T11:43:00-04:00	36.6850	36.5602	2685
2026-04-16T11:44:00-04:00	37.0700	36.5629	11854
2026-04-16T11:45:00-04:00	37.0861	36.5693	19732
2026-04-16T11:46:00-04:00	37.3950	36.5745	11948
2026-04-16T11:47:00-04:00	37.5900	36.5864	21371
2026-04-16T11:48:00-04:00	37.3754	36.5915	10220
2026-04-16T11:49:00-04:00	37.3690	36.5949	7636
2026-04-16T11:50:00-04:00	37.3400	36.5993	10619
2026-04-16T11:51:00-04:00	37.2200	36.6032	10383
2026-04-16T11:52:00-04:00	37.2100	36.6043	3172
2026-04-16T11:53:00-04:00	37.1600	36.6045	685
2026-04-16T11:54:00-04:00	37.1272	36.6049	1142
2026-04-16T11:55:00-04:00	37.1600	36.6054	1874
2026-04-16T11:56:00-04:00	36.9699	36.6086	14419
2026-04-16T11:57:00-04:00	36.9200	36.6093	3870
2026-04-16T11:58:00-04:00	36.9700	36.6095	1349
2026-04-16T11:59:00-04:00	37.0050	36.6103	3303
2026-04-16T12:00:00-04:00	37.0000	36.6105	932
2026-04-16T12:01:00-04:00	37.0000	36.6116	5115
2026-04-16T12:02:00-04:00	36.9700	36.6117	688
2026-04-16T12:03:00-04:00	36.9700	36.6121	2056
2026-04-16T12:04:00-04:00	36.9350	36.6124	1591
2026-04-16T12:05:00-04:00	36.9250	36.6130	3550
2026-04-16T12:06:00-04:00	36.9700	36.6157	13809
2026-04-16T12:07:00-04:00	36.9201	36.6162	2534
2026-04-16T12:08:00-04:00	36.7400	36.6172	9686
2026-04-16T12:09:00-04:00	36.8300	36.6176	4061
2026-04-16T12:10:00-04:00	37.0450	36.6185	4860
2026-04-16T12:11:00-04:00	37.0874	36.6191	2599
2026-04-16T12:12:00-04:00	37.0950	36.6202	4167
2026-04-16T12:13:00-04:00	36.9750	36.6203	535
2026-04-16T12:14:00-04:00	37.1100	36.6215	5513
2026-04-16T12:15:00-04:00	37.2350	36.6243	8561
2026-04-16T12:16:00-04:00	37.3100	36.6273	7886
2026-04-16T12:17:00-04:00	37.3250	36.6280	1999
2026-04-16T12:18:00-04:00	37.3850	36.6303	5736
2026-04-16T12:19:00-04:00	37.3400	36.6323	5428
2026-04-16T12:20:00-04:00	37.4080	36.6333	2332
2026-04-16T12:21:00-04:00	37.2562	36.6351	5296
2026-04-16T12:22:00-04:00	37.2250	36.6409	18526
2026-04-16T12:23:00-04:00	37.1100	36.6423	5121
2026-04-16T12:24:00-04:00	37.1100	36.6433	4075
2026-04-16T12:25:00-04:00	37.1200	36.6447	5766
2026-04-16T12:26:00-04:00	37.1050	36.6456	3742
2026-04-16T12:27:00-04:00	37.1010	36.6460	1781
2026-04-16T12:28:00-04:00	37.1100	36.6462	652
2026-04-16T12:29:00-04:00	36.9200	36.6491	17610
2026-04-16T12:30:00-04:00	36.9100	36.6496	3518
2026-04-16T12:31:00-04:00	36.7300	36.6500	7468
2026-04-16T12:32:00-04:00	36.8600	36.6503	2882
2026-04-16T12:33:00-04:00	36.4600	36.6495	20821
2026-04-16T12:34:00-04:00	36.4800	36.6490	5021
2026-04-16T12:35:00-04:00	36.5200	36.6488	1860
2026-04-16T12:36:00-04:00	36.5000	36.6487	1502
2026-04-16T12:37:00-04:00	36.6350	36.6485	9880
2026-04-16T12:38:00-04:00	36.8000	36.6486	2122
2026-04-16T12:39:00-04:00	36.8009	36.6491	5664
2026-04-16T12:40:00-04:00	36.8700	36.6494	3283
2026-04-16T12:41:00-04:00	36.7900	36.6498	4680
2026-04-16T12:42:00-04:00	36.6201	36.6498	2105
2026-04-16T12:43:00-04:00	36.6201	36.6498	1629
2026-04-16T12:44:00-04:00	36.7900	36.6499	2801
2026-04-16T12:45:00-04:00	36.7600	36.6500	1029
2026-04-16T12:46:00-04:00	36.6200	36.6501	12283
2026-04-16T12:47:00-04:00	36.6850	36.6501	947
2026-04-16T12:48:00-04:00	36.5650	36.6499	14190
2026-04-16T12:49:00-04:00	36.4900	36.6497	3513
2026-04-16T12:50:00-04:00	36.6100	36.6497	1343
2026-04-16T12:51:00-04:00	36.6100	36.6495	5045
2026-04-16T12:52:00-04:00	36.7200	36.6495	2148
2026-04-16T12:53:00-04:00	36.6550	36.6495	1355
2026-04-16T12:54:00-04:00	36.6500	36.6495	5117
2026-04-16T12:55:00-04:00	36.6700	36.6495	524
2026-04-16T12:56:00-04:00	36.7000	36.6495	316
2026-04-16T12:57:00-04:00	36.7180	36.6497	6402
2026-04-16T12:58:00-04:00	36.7200	36.6497	2091
2026-04-16T12:59:00-04:00	36.6400	36.6497	2591
2026-04-16T13:00:00-04:00	36.6113	36.6497	1088
2026-04-16T13:01:00-04:00	36.6600	36.6497	1422
2026-04-16T13:02:00-04:00	36.5300	36.6496	3128
2026-04-16T13:03:00-04:00	36.4950	36.6491	5299
2026-04-16T13:04:00-04:00	36.4400	36.6491	784
2026-04-16T13:05:00-04:00	36.4450	36.6490	1133
2026-04-16T13:06:00-04:00	36.4300	36.6485	3699
2026-04-16T13:07:00-04:00	36.4500	36.6485	633
2026-04-16T13:08:00-04:00	36.4500	36.6484	567
2026-04-16T13:09:00-04:00	36.4500	36.6483	1191
2026-04-16T13:10:00-04:00	36.4450	36.6474	11008
2026-04-16T13:11:00-04:00	36.4500	36.6472	1779
2026-04-16T13:12:00-04:00	36.4650	36.6472	380
2026-04-16T13:13:00-04:00	36.4650	36.6472	352
2026-04-16T13:14:00-04:00	36.3200	36.6458	9642
2026-04-16T13:15:00-04:00	36.2300	36.6444	7649
2026-04-16T13:16:00-04:00	36.2577	36.6442	1303
2026-04-16T13:17:00-04:00	36.2050	36.6431	5668
2026-04-16T13:18:00-04:00	36.1000	36.6430	616
2026-04-16T13:19:00-04:00	36.1418	36.6418	4711
2026-04-16T13:20:00-04:00	36.2513	36.6405	6068
2026-04-16T13:21:00-04:00	36.1540	36.6403	729
2026-04-16T13:22:00-04:00	36.2100	36.6395	3867
2026-04-16T13:23:00-04:00	36.2700	36.6393	1384
2026-04-16T13:24:00-04:00	36.4800	36.6391	2246
2026-04-16T13:25:00-04:00	36.5000	36.6388	3506
2026-04-16T13:26:00-04:00	36.5000	36.6388	351
2026-04-16T13:27:00-04:00	36.4500	36.6387	1041
2026-04-16T13:28:00-04:00	36.5100	36.6387	900
2026-04-16T13:29:00-04:00	36.5050	36.6386	1740
2026-04-16T13:30:00-04:00	36.5100	36.6385	908
2026-04-16T13:31:00-04:00	36.5000	36.6385	716
2026-04-16T13:32:00-04:00	36.6250	36.6384	4967
2026-04-16T13:33:00-04:00	36.6100	36.6382	15518
2026-04-16T13:34:00-04:00	36.5800	36.6379	18343
2026-04-16T13:35:00-04:00	36.5850	36.6377	7370
2026-04-16T13:36:00-04:00	36.4950	36.6373	5406
2026-04-16T13:37:00-04:00	36.5600	36.6371	5101
2026-04-16T13:38:00-04:00	36.5600	36.6371	1439
2026-04-16T13:39:00-04:00	36.5720	36.6370	3131
2026-04-16T13:40:00-04:00	36.6000	36.6369	644
2026-04-16T13:41:00-04:00	36.6700	36.6370	3835
2026-04-16T13:42:00-04:00	36.6400	36.6370	5422
2026-04-16T13:43:00-04:00	36.6500	36.6370	251
2026-04-16T13:44:00-04:00	36.7600	36.6371	2870
2026-04-16T13:45:00-04:00	36.9000	36.6377	6223
2026-04-16T13:46:00-04:00	37.0100	36.6386	6021
2026-04-16T13:47:00-04:00	37.0100	36.6387	842
2026-04-16T13:48:00-04:00	37.1170	36.6392	2403
2026-04-16T13:49:00-04:00	37.1500	36.6398	2957
2026-04-16T13:50:00-04:00	37.1600	36.6405	3459
2026-04-16T13:51:00-04:00	37.3100	36.6418	4599
2026-04-16T13:52:00-04:00	37.1501	36.6432	5413
2026-04-16T13:53:00-04:00	37.2200	36.6436	1819
2026-04-16T13:54:00-04:00	37.2600	36.6465	10924
2026-04-16T13:55:00-04:00	37.3000	36.6469	1289
2026-04-16T13:56:00-04:00	37.3500	36.6473	1272
2026-04-16T13:57:00-04:00	37.2654	36.6486	4880
2026-04-16T13:58:00-04:00	37.3100	36.6489	749
2026-04-16T13:59:00-04:00	37.3150	36.6492	1278
2026-04-16T14:00:00-04:00	37.5000	36.6508	4500
2026-04-16T14:01:00-04:00	37.5450	36.6538	8268
2026-04-16T14:02:00-04:00	37.5400	36.6550	3137
2026-04-16T14:03:00-04:00	37.5000	36.6566	4265
2026-04-16T14:04:00-04:00	37.4800	36.6577	3167
2026-04-16T14:05:00-04:00	37.4600	36.6588	3177
2026-04-16T14:06:00-04:00	37.5200	36.6600	3420
2026-04-16T14:07:00-04:00	37.5000	36.6603	898
2026-04-16T14:08:00-04:00	37.4600	36.6609	1524
2026-04-16T14:09:00-04:00	37.4800	36.6610	513
2026-04-16T14:10:00-04:00	37.4600	36.6633	6528
2026-04-16T14:11:00-04:00	37.5000	36.6656	6519
2026-04-16T14:12:00-04:00	37.5500	36.6662	1726
2026-04-16T14:13:00-04:00	37.5300	36.6669	1746
2026-04-16T14:14:00-04:00	37.6400	36.6715	11703
2026-04-16T14:15:00-04:00	37.7300	36.6759	9797
2026-04-16T14:16:00-04:00	37.8300	36.6813	11915
2026-04-16T14:17:00-04:00	37.8900	36.6824	2205
2026-04-16T14:18:00-04:00	37.9100	36.6849	4947
2026-04-16T14:19:00-04:00	37.9750	36.6868	3588
2026-04-16T14:20:00-04:00	37.9200	36.6895	5179
2026-04-16T14:21:00-04:00	37.9400	36.6899	892
2026-04-16T14:22:00-04:00	37.9500	36.6907	1577
2026-04-16T14:23:00-04:00	37.9500	36.6932	4855
2026-04-16T14:24:00-04:00	37.9100	36.6943	2090
2026-04-16T14:25:00-04:00	37.9000	36.6970	5487
2026-04-16T14:26:00-04:00	37.8500	36.6999	5995
2026-04-16T14:27:00-04:00	37.8200	36.7061	13395
2026-04-16T14:28:00-04:00	37.7950	36.7078	3785
2026-04-16T14:29:00-04:00	37.7950	36.7089	2395
2026-04-16T14:30:00-04:00	37.6300	36.7166	19731
2026-04-16T14:31:00-04:00	37.6301	36.7173	2027
2026-04-16T14:32:00-04:00	37.7400	36.7195	5360
2026-04-16T14:33:00-04:00	37.7050	36.7204	2411
2026-04-16T14:34:00-04:00	37.7200	36.7206	398
2026-04-16T14:35:00-04:00	37.3850	36.7229	7683
2026-04-16T14:36:00-04:00	37.3800	36.7236	2757
2026-04-16T14:37:00-04:00	37.3550	36.7260	10245
2026-04-16T14:38:00-04:00	37.3450	36.7268	2994
2026-04-16T14:39:00-04:00	37.3350	36.7272	1381
2026-04-16T14:40:00-04:00	37.4600	36.7285	4984
2026-04-16T14:41:00-04:00	37.4900	36.7297	3795
2026-04-16T14:42:00-04:00	37.4050	36.7310	4487
2026-04-16T14:43:00-04:00	37.3800	36.7315	1915
2026-04-16T14:44:00-04:00	37.3900	36.7319	1647
2026-04-16T14:45:00-04:00	37.4650	36.7344	8764
2026-04-16T14:46:00-04:00	37.6400	36.7365	6153
2026-04-16T14:47:00-04:00	37.6800	36.7366	343
2026-04-16T14:48:00-04:00	37.6900	36.7368	520
2026-04-16T14:49:00-04:00	37.7750	36.7391	5571
2026-04-16T14:50:00-04:00	37.8200	36.7393	540
2026-04-16T14:51:00-04:00	37.7320	36.7409	4043
2026-04-16T14:52:00-04:00	37.7515	36.7417	2113
2026-04-16T14:53:00-04:00	37.7225	36.7433	4127
2026-04-16T14:54:00-04:00	37.7500	36.7438	1404
2026-04-16T14:55:00-04:00	37.7800	36.7444	1372
2026-04-16T14:56:00-04:00	37.7350	36.7452	2229
2026-04-16T14:57:00-04:00	37.7000	36.7461	2203
2026-04-16T14:58:00-04:00	37.7020	36.7466	1318
2026-04-16T14:59:00-04:00	37.7050	36.7468	596
2026-04-16T15:00:00-04:00	37.6250	36.7512	12494
2026-04-16T15:01:00-04:00	37.4000	36.7623	42063
2026-04-16T15:02:00-04:00	37.2600	36.7663	18953
2026-04-16T15:03:00-04:00	37.2791	36.7665	1330
2026-04-16T15:04:00-04:00	37.0900	36.7680	11061
2026-04-16T15:05:00-04:00	37.2100	36.7705	16527
2026-04-16T15:06:00-04:00	37.2100	36.7715	5484
2026-04-16T15:07:00-04:00	37.2600	36.7724	4951
2026-04-16T15:08:00-04:00	37.2400	36.7725	554
2026-04-16T15:09:00-04:00	37.2400	36.7725	534
2026-04-16T15:10:00-04:00	37.2569	36.7733	4319
2026-04-16T15:11:00-04:00	37.2350	36.7746	7145
2026-04-16T15:12:00-04:00	37.1800	36.7751	2960
2026-04-16T15:13:00-04:00	37.1800	36.7752	1173
2026-04-16T15:14:00-04:00	37.2200	36.7757	2908
2026-04-16T15:15:00-04:00	37.4200	36.7773	7627
2026-04-16T15:16:00-04:00	37.4650	36.7776	1056
2026-04-16T15:17:00-04:00	37.6100	36.7782	1949
2026-04-16T15:18:00-04:00	37.7300	36.7811	8772
2026-04-16T15:19:00-04:00	37.6900	36.7829	5236
2026-04-16T15:20:00-04:00	37.7200	36.7836	1858
2026-04-16T15:21:00-04:00	37.7100	36.7839	920
2026-04-16T15:22:00-04:00	37.5550	36.7866	9048
2026-04-16T15:23:00-04:00	37.6700	36.7871	1585
2026-04-16T15:24:00-04:00	37.6500	36.7874	1015
2026-04-16T15:25:00-04:00	37.6600	36.7880	1783
2026-04-16T15:26:00-04:00	37.6900	36.7887	2187
2026-04-16T15:27:00-04:00	37.7100	36.7902	4529
2026-04-16T15:28:00-04:00	37.7400	36.7937	10553
2026-04-16T15:29:00-04:00	37.7600	36.7941	1002
2026-04-16T15:30:00-04:00	37.9000	36.7972	8255
2026-04-16T15:31:00-04:00	37.8001	36.8014	11576
2026-04-16T15:32:00-04:00	37.7300	36.8033	5620
2026-04-16T15:33:00-04:00	37.7400	36.8049	4679
2026-04-16T15:34:00-04:00	37.7050	36.8058	2776
2026-04-16T15:35:00-04:00	37.6350	36.8076	5745
2026-04-16T15:36:00-04:00	37.6150	36.8115	13899
2026-04-16T15:37:00-04:00	37.6400	36.8131	5601
2026-04-16T15:38:00-04:00	37.6900	36.8160	9367
2026-04-16T15:39:00-04:00	37.6600	36.8173	4276
2026-04-16T15:40:00-04:00	37.6250	36.8180	2453
2026-04-16T15:41:00-04:00	37.6800	36.8185	1656
2026-04-16T15:42:00-04:00	37.6500	36.8188	1091
2026-04-16T15:43:00-04:00	37.6500	36.8189	322
2026-04-16T15:44:00-04:00	37.6450	36.8195	1913
2026-04-16T15:45:00-04:00	37.9400	36.8254	16132
2026-04-16T15:46:00-04:00	37.9550	36.8300	11898
2026-04-16T15:47:00-04:00	38.0061	36.8338	9273
2026-04-16T15:48:00-04:00	38.0200	36.8351	3116
2026-04-16T15:49:00-04:00	37.9900	36.8361	2516
2026-04-16T15:50:00-04:00	38.0450	36.8396	8639
2026-04-16T15:51:00-04:00	38.0101	36.8459	15340
2026-04-16T15:52:00-04:00	37.9399	36.8566	28290
2026-04-16T15:53:00-04:00	37.9350	36.8588	6122
2026-04-16T15:54:00-04:00	37.9900	36.8623	8956
2026-04-16T15:55:00-04:00	38.1500	36.8674	12336
2026-04-16T15:56:00-04:00	38.1900	36.8760	19368
2026-04-16T15:57:00-04:00	38.0001	36.8847	22034
2026-04-16T15:58:00-04:00	38.0750	36.8955	28373
2026-04-16T15:59:00-04:00	38.2100	36.9090	32156
2026-04-17T09:30:00-04:00	38.7000	38.6667	52932
2026-04-17T09:31:00-04:00	38.0900	38.4708	26089
2026-04-17T09:32:00-04:00	37.6305	38.4040	12978
2026-04-17T09:33:00-04:00	37.8650	38.3912	2943
2026-04-17T09:34:00-04:00	37.9000	38.3748	3404
2026-04-17T09:35:00-04:00	38.0511	38.3728	593
2026-04-17T09:36:00-04:00	37.6300	38.2221	25773
2026-04-17T09:37:00-04:00	36.7900	38.0047	28794
2026-04-17T09:38:00-04:00	36.6850	37.8398	22929
2026-04-17T09:39:00-04:00	36.7061	37.8117	4201
2026-04-17T09:40:00-04:00	36.8750	37.7457	12980
2026-04-17T09:41:00-04:00	36.4200	37.6034	25291
2026-04-17T09:42:00-04:00	36.5589	37.5311	16656
2026-04-17T09:43:00-04:00	36.9550	37.5086	10563
2026-04-17T09:44:00-04:00	36.8200	37.4983	3498
2026-04-17T09:45:00-04:00	37.6649	37.4922	13957
2026-04-17T09:46:00-04:00	37.4150	37.4930	17759
2026-04-17T09:47:00-04:00	37.2481	37.4900	4073
2026-04-17T09:48:00-04:00	37.2844	37.4805	9260
2026-04-17T09:49:00-04:00	37.5000	37.4795	4132
2026-04-17T09:50:00-04:00	37.3100	37.4765	6958
2026-04-17T09:51:00-04:00	37.3650	37.4753	3581
2026-04-17T09:52:00-04:00	37.4600	37.4749	2837
2026-04-17T09:53:00-04:00	37.0800	37.4673	8934
2026-04-17T09:54:00-04:00	37.0300	37.4660	1040
2026-04-17T09:55:00-04:00	36.9600	37.4538	8330
2026-04-17T09:56:00-04:00	36.6950	37.4336	9931
2026-04-17T09:57:00-04:00	36.8050	37.4280	2991
2026-04-17T09:58:00-04:00	36.9400	37.4233	3097
2026-04-17T09:59:00-04:00	37.1150	37.4206	3167
2026-04-17T10:00:00-04:00	36.8800	37.4161	3462
2026-04-17T10:01:00-04:00	37.1600	37.4137	2471
2026-04-17T10:02:00-04:00	37.0850	37.4126	1263
2026-04-17T10:03:00-04:00	37.1500	37.4098	3492
2026-04-17T10:04:00-04:00	37.1300	37.4057	4996
2026-04-17T10:05:00-04:00	37.0100	37.3929	13652
2026-04-17T10:06:00-04:00	37.0400	37.3919	1223
2026-04-17T10:07:00-04:00	37.0450	37.3812	11950
2026-04-17T10:08:00-04:00	37.0950	37.3805	953
2026-04-17T10:10:00-04:00	37.1545	37.3792	1971
2026-04-17T10:11:00-04:00	37.3000	37.3772	8511
2026-04-17T10:12:00-04:00	37.2500	37.3738	11191
2026-04-17T10:13:00-04:00	37.3900	37.3737	768
2026-04-17T10:14:00-04:00	37.2800	37.3735	1493
2026-04-17T10:15:00-04:00	37.3500	37.3731	2313
2026-04-17T10:16:00-04:00	37.2550	37.3730	805
2026-04-17T10:17:00-04:00	37.3600	37.3729	859
2026-04-17T10:18:00-04:00	37.3500	37.3717	6285
2026-04-17T10:19:00-04:00	37.1101	37.3699	4471
2026-04-17T10:20:00-04:00	36.7487	37.3541	14173
2026-04-17T10:21:00-04:00	36.9000	37.3506	3103
2026-04-17T10:22:00-04:00	36.9497	37.3492	1470
2026-04-17T10:23:00-04:00	36.9000	37.3408	7670
2026-04-17T10:24:00-04:00	36.8000	37.3397	1156
2026-04-17T10:25:00-04:00	37.0650	37.3385	1611
2026-04-17T10:26:00-04:00	37.1300	37.3379	1062
2026-04-17T10:28:00-04:00	37.2000	37.3363	3985
2026-04-17T10:29:00-04:00	37.2900	37.3361	1832
2026-04-17T10:30:00-04:00	37.2150	37.3357	1734
2026-04-17T10:31:00-04:00	37.1850	37.3345	3962
2026-04-17T10:32:00-04:00	37.2100	37.3330	5897
2026-04-17T10:33:00-04:00	37.2800	37.3327	1764
2026-04-17T10:34:00-04:00	37.3400	37.3327	536
2026-04-17T10:35:00-04:00	37.3850	37.3334	4662
2026-04-17T10:36:00-04:00	37.4250	37.3336	1733
2026-04-17T10:37:00-04:00	37.3100	37.3334	4847
2026-04-17T10:38:00-04:00	37.3400	37.3334	1854
2026-04-17T10:39:00-04:00	37.3550	37.3335	1882
2026-04-17T10:40:00-04:00	37.3500	37.3333	4580
2026-04-17T10:41:00-04:00	37.3850	37.3333	412
2026-04-17T10:42:00-04:00	37.5200	37.3368	12700
2026-04-17T10:43:00-04:00	37.3500	37.3370	2306
2026-04-17T10:44:00-04:00	37.6700	37.3383	2934
2026-04-17T10:45:00-04:00	37.9403	37.3450	7588
2026-04-17T10:46:00-04:00	37.6800	37.3476	3566
2026-04-17T10:47:00-04:00	37.5350	37.3479	663
2026-04-17T10:48:00-04:00	37.6899	37.3492	2047
2026-04-17T10:49:00-04:00	37.7750	37.3499	990
2026-04-17T10:50:00-04:00	37.7950	37.3520	2838
2026-04-17T10:51:00-04:00	38.1800	37.3613	6894
2026-04-17T10:52:00-04:00	38.0650	37.3653	2987
2026-04-17T10:53:00-04:00	37.9369	37.3696	3627
2026-04-17T10:54:00-04:00	38.0650	37.3724	2321
2026-04-17T10:55:00-04:00	37.9800	37.3780	4521
2026-04-17T10:56:00-04:00	38.0100	37.3789	821
2026-04-17T10:57:00-04:00	38.0000	37.3838	4178
2026-04-17T10:58:00-04:00	38.1500	37.3850	894
2026-04-17T10:59:00-04:00	38.1500	37.3915	5171
2026-04-17T11:00:00-04:00	37.9900	37.4035	11287
2026-04-17T11:01:00-04:00	38.0450	37.4078	4005
2026-04-17T11:02:00-04:00	38.1250	37.4100	1815
2026-04-17T11:03:00-04:00	37.7300	37.4142	6000
2026-04-17T11:04:00-04:00	37.7250	37.4149	1286
2026-04-17T11:05:00-04:00	37.5775	37.4156	2575
2026-04-17T11:06:00-04:00	37.4450	37.4156	270
2026-04-17T11:07:00-04:00	37.5500	37.4158	3634
2026-04-17T11:08:00-04:00	37.5799	37.4165	2830
2026-04-17T11:09:00-04:00	37.4500	37.4165	1292
2026-04-17T11:10:00-04:00	37.4950	37.4166	351
2026-04-17T11:11:00-04:00	37.3300	37.4163	10096
2026-04-17T11:12:00-04:00	37.0550	37.4091	16126
2026-04-17T11:13:00-04:00	36.7850	37.3986	11997
2026-04-17T11:14:00-04:00	36.0650	37.3171	46952
2026-04-17T11:15:00-04:00	36.1800	37.2782	22692
2026-04-17T11:16:00-04:00	35.7501	37.2356	22349
2026-04-17T11:17:00-04:00	35.8400	37.1872	24544
2026-04-17T11:18:00-04:00	35.4600	37.1199	31924
2026-04-17T11:19:00-04:00	35.3300	37.0457	34611
2026-04-17T11:20:00-04:00	35.3399	37.0246	10142
2026-04-17T11:21:00-04:00	35.3300	36.9976	13379
2026-04-17T11:22:00-04:00	35.7100	36.9769	12662
2026-04-17T11:23:00-04:00	35.7400	36.9622	10101
2026-04-17T11:24:00-04:00	35.8650	36.9592	2322
2026-04-17T11:25:00-04:00	35.7700	36.9523	5487
2026-04-17T11:26:00-04:00	36.2750	36.9392	13819
2026-04-17T11:27:00-04:00	36.1000	36.9332	7428
2026-04-17T11:28:00-04:00	36.2200	36.9294	4519
2026-04-17T11:29:00-04:00	36.0950	36.9216	8595
2026-04-17T11:30:00-04:00	36.1550	36.9213	345
2026-04-17T11:31:00-04:00	36.1100	36.9183	3306
2026-04-17T11:32:00-04:00	36.1200	36.9134	5567
2026-04-17T11:33:00-04:00	36.1200	36.9118	1781
2026-04-17T11:34:00-04:00	36.0400	36.9095	2488
2026-04-17T11:35:00-04:00	36.0500	36.9066	3298
2026-04-17T11:36:00-04:00	36.1100	36.9055	1192
2026-04-17T11:37:00-04:00	36.1000	36.9046	1056
2026-04-17T11:38:00-04:00	36.2000	36.8999	5725
2026-04-17T11:39:00-04:00	36.2250	36.8984	2098
2026-04-17T11:40:00-04:00	36.2699	36.8961	3247
2026-04-17T11:41:00-04:00	36.0800	36.8879	10196
2026-04-17T11:42:00-04:00	35.9450	36.8793	9215
2026-04-17T11:43:00-04:00	35.8505	36.8601	18834
2026-04-17T11:44:00-04:00	35.8000	36.8558	3956
2026-04-17T11:45:00-04:00	35.8700	36.8504	5242
2026-04-17T11:46:00-04:00	35.9373	36.8494	1076
2026-04-17T11:47:00-04:00	35.7600	36.8451	4103
2026-04-17T11:48:00-04:00	35.8150	36.8429	2095
2026-04-17T11:49:00-04:00	35.9300	36.8382	4995
2026-04-17T11:50:00-04:00	36.0300	36.8334	5993
2026-04-17T11:51:00-04:00	36.0750	36.8326	1030
2026-04-17T11:52:00-04:00	36.1200	36.8308	2568
2026-04-17T11:53:00-04:00	36.2700	36.8290	3126
2026-04-17T11:54:00-04:00	36.5469	36.8278	3436
2026-04-17T11:55:00-04:00	36.6500	36.8266	6182
2026-04-17T11:56:00-04:00	36.5475	36.8260	2417
2026-04-17T11:57:00-04:00	36.6000	36.8258	1027
2026-04-17T11:58:00-04:00	36.5600	36.8254	1908
2026-04-17T11:59:00-04:00	36.6900	36.8251	1642
2026-04-17T12:00:00-04:00	36.5350	36.8234	6363
2026-04-17T12:01:00-04:00	36.6700	36.8231	1489
2026-04-17T12:02:00-04:00	36.6700	36.8230	559
2026-04-17T12:03:00-04:00	36.6800	36.8229	586
2026-04-17T12:04:00-04:00	36.6000	36.8223	2491
2026-04-17T12:05:00-04:00	36.6100	36.8223	252
2026-04-17T12:06:00-04:00	36.9802	36.8225	4236
2026-04-17T12:07:00-04:00	37.0100	36.8232	3976
2026-04-17T12:08:00-04:00	37.0008	36.8245	7137
2026-04-17T12:09:00-04:00	36.7999	36.8246	5722
2026-04-17T12:10:00-04:00	36.6500	36.8242	2556
2026-04-17T12:11:00-04:00	36.6750	36.8242	505
2026-04-17T12:12:00-04:00	36.7995	36.8240	3125
2026-04-17T12:13:00-04:00	36.7300	36.8239	1551
2026-04-17T12:14:00-04:00	36.7300	36.8239	897
2026-04-17T12:15:00-04:00	36.7350	36.8238	291
2026-04-17T12:16:00-04:00	36.8050	36.8238	5056
2026-04-17T12:17:00-04:00	36.8000	36.8238	409
2026-04-17T12:18:00-04:00	36.7830	36.8238	1221
2026-04-17T12:19:00-04:00	36.7900	36.8238	1939
2026-04-17T12:20:00-04:00	36.8100	36.8238	320
2026-04-17T12:21:00-04:00	36.7602	36.8237	1850
2026-04-17T12:22:00-04:00	36.8800	36.8237	437
2026-04-17T12:23:00-04:00	37.0100	36.8242	3830
2026-04-17T12:24:00-04:00	37.0500	36.8248	3026
2026-04-17T12:25:00-04:00	37.1600	36.8267	6026
2026-04-17T12:26:00-04:00	37.1500	36.8270	1028
2026-04-17T12:27:00-04:00	37.4177	36.8281	2315
2026-04-17T12:28:00-04:00	37.2700	36.8304	5524
2026-04-17T12:29:00-04:00	37.2800	36.8311	1834
2026-04-17T12:30:00-04:00	37.3100	36.8322	2479
2026-04-17T12:31:00-04:00	37.3650	36.8327	1095
2026-04-17T12:32:00-04:00	37.3100	36.8342	3560
2026-04-17T12:33:00-04:00	37.3830	36.8348	1257
2026-04-17T12:34:00-04:00	37.4000	36.8350	500
2026-04-17T12:35:00-04:00	37.3300	36.8352	470
2026-04-17T12:36:00-04:00	37.2001	36.8357	1279
2026-04-17T12:37:00-04:00	37.3600	36.8385	6895
2026-04-17T12:38:00-04:00	37.2177	36.8390	1221
2026-04-17T12:39:00-04:00	37.2600	36.8404	3820
2026-04-17T12:40:00-04:00	37.2700	36.8406	437
2026-04-17T12:41:00-04:00	37.2850	36.8416	2617
2026-04-17T12:42:00-04:00	37.2700	36.8417	313
2026-04-17T12:43:00-04:00	37.2900	36.8417	138
2026-04-17T12:44:00-04:00	37.3700	36.8427	2195
2026-04-17T12:45:00-04:00	37.4200	36.8433	1150
2026-04-17T12:46:00-04:00	37.4500	36.8452	3604
2026-04-17T12:47:00-04:00	37.4172	36.8459	1263
2026-04-17T12:48:00-04:00	37.4550	36.8461	455
2026-04-17T12:49:00-04:00	37.4300	36.8475	2690
2026-04-17T12:50:00-04:00	37.3850	36.8500	5189
2026-04-17T12:51:00-04:00	37.4400	36.8505	1087
2026-04-17T12:52:00-04:00	37.3300	36.8515	2311
2026-04-17T12:53:00-04:00	37.2600	36.8523	2039
2026-04-17T12:55:00-04:00	37.2400	36.8523	238
2026-04-17T12:56:00-04:00	36.9950	36.8537	7149
2026-04-17T12:57:00-04:00	36.9700	36.8537	211
2026-04-17T12:58:00-04:00	37.0800	36.8538	444
2026-04-17T12:59:00-04:00	37.0550	36.8539	400
2026-04-17T13:00:00-04:00	37.1400	36.8541	970
2026-04-17T13:01:00-04:00	36.9900	36.8546	3500
2026-04-17T13:02:00-04:00	36.8400	36.8548	4918
2026-04-17T13:03:00-04:00	36.8950	36.8548	363
2026-04-17T13:04:00-04:00	37.0900	36.8552	2723
2026-04-17T13:05:00-04:00	37.0900	36.8553	111
2026-04-17T13:06:00-04:00	37.0900	36.8555	1390
2026-04-17T13:07:00-04:00	37.0150	36.8555	473
2026-04-17T13:08:00-04:00	36.9950	36.8558	1512
2026-04-17T13:09:00-04:00	36.7000	36.8550	14873
2026-04-17T13:10:00-04:00	36.7400	36.8549	1498
2026-04-17T13:11:00-04:00	36.3150	36.8522	7573
2026-04-17T13:12:00-04:00	36.4600	36.8507	3841
2026-04-17T13:14:00-04:00	36.4750	36.8500	2320
2026-04-17T13:15:00-04:00	36.5293	36.8494	2043
2026-04-17T13:16:00-04:00	36.4600	36.8490	1159
2026-04-17T13:17:00-04:00	36.4500	36.8488	595
2026-04-17T13:18:00-04:00	36.4650	36.8487	300
2026-04-17T13:19:00-04:00	36.4650	36.8486	434
2026-04-17T13:20:00-04:00	36.2100	36.8468	4006
2026-04-17T13:21:00-04:00	36.0000	36.8444	3732
2026-04-17T13:22:00-04:00	36.2000	36.8432	2204
2026-04-17T13:23:00-04:00	36.2000	36.8428	684
2026-04-17T13:24:00-04:00	36.0300	36.8419	1591
2026-04-17T13:25:00-04:00	36.0300	36.8400	2997
2026-04-17T13:26:00-04:00	36.1600	36.8377	3949
2026-04-17T13:27:00-04:00	36.1250	36.8363	2581
2026-04-17T13:28:00-04:00	36.0000	36.8345	2761
2026-04-17T13:29:00-04:00	35.9450	36.8236	15180
2026-04-17T13:30:00-04:00	35.8400	36.8144	12300
2026-04-17T13:31:00-04:00	35.6100	36.7945	22723
2026-04-17T13:32:00-04:00	35.7376	36.7905	4685
2026-04-17T13:33:00-04:00	35.6400	36.7829	8497
2026-04-17T13:34:00-04:00	35.6500	36.7704	14260
2026-04-17T13:35:00-04:00	35.5844	36.7589	12640
2026-04-17T13:36:00-04:00	35.5400	36.7505	9077
2026-04-17T13:37:00-04:00	35.6025	36.7415	10442
2026-04-17T13:38:00-04:00	35.4300	36.7238	19051
2026-04-17T13:39:00-04:00	35.2500	36.7122	11418
2026-04-17T13:40:00-04:00	35.1540	36.6939	16905
2026-04-17T13:41:00-04:00	34.7102	36.6203	57868
2026-04-17T13:42:00-04:00	34.7992	36.6088	9281
2026-04-17T13:43:00-04:00	34.7713	36.5909	14231
2026-04-17T13:44:00-04:00	35.0700	36.5754	14225
2026-04-17T13:45:00-04:00	35.2750	36.5731	2605
2026-04-17T13:46:00-04:00	35.2600	36.5689	4757
2026-04-17T13:47:00-04:00	35.2500	36.5616	8586
2026-04-17T13:48:00-04:00	35.4750	36.5563	7010
2026-04-17T13:49:00-04:00	35.5300	36.5539	3397
2026-04-17T13:50:00-04:00	35.3400	36.5502	5058
2026-04-17T13:51:00-04:00	35.4400	36.5490	1550
2026-04-17T13:52:00-04:00	35.4400	36.5406	11375
2026-04-17T13:53:00-04:00	35.5300	36.5373	4876
2026-04-17T13:54:00-04:00	35.5100	36.5351	3481
2026-04-17T13:55:00-04:00	35.4300	36.5332	2700
2026-04-17T13:56:00-04:00	35.4984	36.5273	8600
2026-04-17T13:57:00-04:00	35.3000	36.5222	6664
2026-04-17T13:58:00-04:00	35.2900	36.5200	2998
2026-04-17T13:59:00-04:00	35.3100	36.5188	1438
2026-04-17T14:00:00-04:00	35.3000	36.5177	1461
2026-04-17T14:01:00-04:00	35.5000	36.5135	6366
2026-04-17T14:02:00-04:00	35.1500	36.5106	3740
2026-04-17T14:03:00-04:00	35.1500	36.5064	4804
2026-04-17T14:04:00-04:00	35.2900	36.5052	1508
2026-04-17T14:05:00-04:00	35.2950	36.5047	615
2026-04-17T14:06:00-04:00	35.4000	36.5042	679
2026-04-17T14:07:00-04:00	35.2650	36.5036	892
2026-04-17T14:08:00-04:00	35.2500	36.5023	1557
2026-04-17T14:09:00-04:00	35.2400	36.4999	2968
2026-04-17T14:10:00-04:00	35.3150	36.4970	3921
2026-04-17T14:11:00-04:00	35.3500	36.4966	501
2026-04-17T14:12:00-04:00	35.3200	36.4964	290
2026-04-17T14:13:00-04:00	35.3250	36.4951	1797
2026-04-17T14:14:00-04:00	35.4000	36.4931	2816
2026-04-17T14:15:00-04:00	35.4400	36.4926	813
2026-04-17T14:16:00-04:00	35.5300	36.4903	3691
2026-04-17T14:17:00-04:00	35.4000	36.4864	5958
2026-04-17T14:18:00-04:00	35.4050	36.4835	4235
2026-04-17T14:19:00-04:00	35.3650	36.4833	247
2026-04-17T14:20:00-04:00	35.4600	36.4820	2053
2026-04-17T14:21:00-04:00	35.4396	36.4819	180
2026-04-17T14:22:00-04:00	35.4600	36.4811	1224
2026-04-17T14:23:00-04:00	35.5800	36.4789	3811
2026-04-17T14:24:00-04:00	35.5900	36.4781	1443
2026-04-17T14:25:00-04:00	35.6600	36.4775	1310
2026-04-17T14:26:00-04:00	35.6600	36.4761	2725
2026-04-17T14:27:00-04:00	35.5450	36.4678	14925
2026-04-17T14:28:00-04:00	35.4500	36.4673	821
2026-04-17T14:29:00-04:00	35.2500	36.4663	1344
2026-04-17T14:30:00-04:00	35.3593	36.4661	329
2026-04-17T14:31:00-04:00	35.2000	36.4651	1382
2026-04-17T14:32:00-04:00	35.1400	36.4631	2573
2026-04-17T14:33:00-04:00	35.2500	36.4621	1239
2026-04-17T14:34:00-04:00	35.2900	36.4612	1343
2026-04-17T14:35:00-04:00	35.2500	36.4607	674
2026-04-17T14:36:00-04:00	35.2500	36.4602	632
2026-04-17T14:37:00-04:00	35.1950	36.4595	997
2026-04-17T14:38:00-04:00	35.2550	36.4573	2829
2026-04-17T14:39:00-04:00	35.2600	36.4569	575
2026-04-17T14:40:00-04:00	35.2650	36.4563	820
2026-04-17T14:41:00-04:00	35.2650	36.4560	527
2026-04-17T14:42:00-04:00	35.2700	36.4553	956
2026-04-17T14:43:00-04:00	35.3200	36.4552	128
2026-04-17T14:44:00-04:00	35.2500	36.4547	605
2026-04-17T14:45:00-04:00	35.2700	36.4545	381
2026-04-17T14:46:00-04:00	35.1800	36.4519	3400
2026-04-17T14:47:00-04:00	35.1300	36.4486	4210
2026-04-17T14:48:00-04:00	34.8911	36.4437	5574
2026-04-17T14:50:00-04:00	34.8300	36.4288	16037
2026-04-17T14:51:00-04:00	34.7800	36.4251	3892
2026-04-17T14:52:00-04:00	34.8700	36.4222	3130
2026-04-17T14:53:00-04:00	34.9000	36.4214	858
2026-04-17T14:54:00-04:00	34.9400	36.4202	1381
2026-04-17T14:55:00-04:00	35.0050	36.4188	1587
2026-04-17T14:56:00-04:00	34.9200	36.4159	3455
2026-04-17T14:57:00-04:00	34.8800	36.4117	4731
2026-04-17T14:58:00-04:00	35.0250	36.4080	4345
2026-04-17T14:59:00-04:00	35.0550	36.4076	589
2026-04-17T15:00:00-04:00	35.0600	36.4067	1109
2026-04-17T15:01:00-04:00	35.0650	36.3981	11360
2026-04-17T15:02:00-04:00	35.1050	36.3975	835
2026-04-17T15:04:00-04:00	35.0100	36.3941	4301
2026-04-17T15:05:00-04:00	35.0000	36.3918	2888
2026-04-17T15:06:00-04:00	35.1050	36.3889	3719
2026-04-17T15:08:00-04:00	35.0600	36.3885	634
2026-04-17T15:09:00-04:00	35.0400	36.3871	1718
2026-04-17T15:10:00-04:00	35.0100	36.3862	1228
2026-04-17T15:11:00-04:00	35.0150	36.3851	1355
2026-04-17T15:12:00-04:00	35.0150	36.3841	1243
2026-04-17T15:14:00-04:00	35.0150	36.3826	1959
2026-04-17T15:15:00-04:00	35.0650	36.3778	6386
2026-04-17T15:16:00-04:00	35.0950	36.3771	940
2026-04-17T15:17:00-04:00	35.0800	36.3758	1699
2026-04-17T15:18:00-04:00	35.1150	36.3756	361
2026-04-17T15:19:00-04:00	35.0950	36.3750	819
2026-04-17T15:20:00-04:00	35.0900	36.3744	792
2026-04-17T15:21:00-04:00	35.0301	36.3699	6045
2026-04-17T15:22:00-04:00	34.9400	36.3600	12455
2026-04-17T15:23:00-04:00	34.9600	36.3582	2282
2026-04-17T15:24:00-04:00	34.9110	36.3580	248
2026-04-17T15:25:00-04:00	34.9100	36.3573	891
2026-04-17T15:26:00-04:00	34.9300	36.3562	1432
2026-04-17T15:27:00-04:00	34.9609	36.3543	2431
2026-04-17T15:28:00-04:00	35.0000	36.3486	7399
2026-04-17T15:29:00-04:00	35.0100	36.3416	9537
2026-04-17T15:30:00-04:00	35.1600	36.3280	20452
2026-04-17T15:31:00-04:00	35.1300	36.3277	486
2026-04-17T15:32:00-04:00	35.1600	36.3262	2344
2026-04-17T15:33:00-04:00	35.1350	36.3203	9075
2026-04-17T15:34:00-04:00	35.1350	36.3193	1605
2026-04-17T15:35:00-04:00	35.1000	36.3184	1422
2026-04-17T15:36:00-04:00	35.0801	36.3149	5223
2026-04-17T15:37:00-04:00	35.0850	36.3124	3704
2026-04-17T15:38:00-04:00	35.1150	36.3096	4248
2026-04-17T15:39:00-04:00	35.2400	36.3027	11532
2026-04-17T15:40:00-04:00	35.1918	36.3017	1837
2026-04-17T15:41:00-04:00	35.2400	36.3006	1920
2026-04-17T15:42:00-04:00	35.3200	36.2981	4568
2026-04-17T15:43:00-04:00	35.3400	36.2975	1242
2026-04-17T15:44:00-04:00	35.3300	36.2969	1059
2026-04-17T15:45:00-04:00	35.3000	36.2957	2374
2026-04-17T15:46:00-04:00	35.4350	36.2940	3673
2026-04-17T15:47:00-04:00	35.6200	36.2927	3030
2026-04-17T15:48:00-04:00	35.5812	36.2911	4612
2026-04-17T15:49:00-04:00	35.5500	36.2889	5773
2026-04-17T15:50:00-04:00	35.5850	36.2875	3764
2026-04-17T15:51:00-04:00	35.5100	36.2838	9469
2026-04-17T15:52:00-04:00	35.5100	36.2830	2015
2026-04-17T15:53:00-04:00	35.4801	36.2820	2366
2026-04-17T15:54:00-04:00	35.5100	36.2791	7282
2026-04-17T15:55:00-04:00	35.5400	36.2764	7070
2026-04-17T15:56:00-04:00	35.5104	36.2712	13369
2026-04-17T15:57:00-04:00	35.4650	36.2653	14536
2026-04-17T15:58:00-04:00	35.3300	36.2509	31544
2026-04-17T15:59:00-04:00	35.6200	36.2372	40429
2026-04-20T09:30:00-04:00	35.8050	35.7100	48540
2026-04-20T09:31:00-04:00	35.8500	35.7195	4044
2026-04-20T09:32:00-04:00	36.5000	35.7998	11242
2026-04-20T09:33:00-04:00	36.3000	35.8407	4917
2026-04-20T09:34:00-04:00	36.8000	35.9489	10874
2026-04-20T09:35:00-04:00	36.8300	36.1825	27510
2026-04-20T09:36:00-04:00	37.0000	36.2533	10050
2026-04-20T09:37:00-04:00	36.9100	36.2805	4463
2026-04-20T09:38:00-04:00	36.9100	36.2901	2174
2026-04-20T09:39:00-04:00	36.5600	36.3035	4265
2026-04-20T09:40:00-04:00	36.5000	36.3164	7163
2026-04-20T09:41:00-04:00	36.7950	36.3315	4669
2026-04-20T09:42:00-04:00	36.9890	36.3560	6265
2026-04-20T09:43:00-04:00	37.1900	36.4308	16191
2026-04-20T09:44:00-04:00	36.9150	36.4541	7296
2026-04-20T09:45:00-04:00	37.0230	36.4668	4184
2026-04-20T09:46:00-04:00	37.1500	36.5070	10141
2026-04-20T09:47:00-04:00	37.0300	36.5148	2590
2026-04-20T09:48:00-04:00	36.4587	36.5171	3392
2026-04-20T09:49:00-04:00	36.4800	36.5162	2088
2026-04-20T09:50:00-04:00	36.4350	36.5157	2490
2026-04-20T09:51:00-04:00	36.4400	36.5146	2845
2026-04-20T09:52:00-04:00	36.5950	36.5151	1245
2026-04-20T09:53:00-04:00	36.5107	36.5149	1233
2026-04-20T09:54:00-04:00	36.4500	36.5126	3987
2026-04-20T09:55:00-04:00	36.6500	36.5138	4747
2026-04-20T09:56:00-04:00	36.6700	36.5147	1260
2026-04-20T09:57:00-04:00	36.7800	36.5183	3422
2026-04-20T09:58:00-04:00	36.7900	36.5213	2737
2026-04-20T09:59:00-04:00	36.6750	36.5225	1455
2026-04-20T10:00:00-04:00	36.8950	36.5326	6094
2026-04-20T10:01:00-04:00	36.8600	36.5427	4824
2026-04-20T10:02:00-04:00	37.0000	36.5517	4871
2026-04-20T10:03:00-04:00	37.3500	36.6025	18029
2026-04-20T10:04:00-04:00	37.4400	36.6748	22722
2026-04-20T10:05:00-04:00	37.7200	36.7392	18424
2026-04-20T10:06:00-04:00	37.6750	36.7814	13702
2026-04-20T10:07:00-04:00	37.6500	36.8189	13830
2026-04-20T10:08:00-04:00	37.5900	36.8259	2993
2026-04-20T10:09:00-04:00	37.6950	36.8452	7200
2026-04-20T10:10:00-04:00	37.7200	36.8647	7435
2026-04-20T10:11:00-04:00	37.3050	36.8807	10003
2026-04-20T10:12:00-04:00	37.1500	36.8893	8564
2026-04-20T10:13:00-04:00	37.1500	36.8914	2947
2026-04-20T10:14:00-04:00	36.8600	36.8931	6452
2026-04-20T10:15:00-04:00	36.8900	36.8932	1694
2026-04-20T10:16:00-04:00	36.6650	36.8902	6676
2026-04-20T10:17:00-04:00	36.8150	36.8878	5435
2026-04-20T10:18:00-04:00	36.9000	36.8880	4785
2026-04-20T10:19:00-04:00	36.7350	36.8877	1112
2026-04-20T10:20:00-04:00	36.7015	36.8873	1053
2026-04-20T10:21:00-04:00	36.8150	36.8871	891
2026-04-20T10:22:00-04:00	36.8750	36.8869	1991
2026-04-20T10:23:00-04:00	37.1800	36.8900	5148
2026-04-20T10:24:00-04:00	37.0700	36.8938	6776
2026-04-20T10:25:00-04:00	37.0600	36.8942	1000
2026-04-20T10:26:00-04:00	37.0100	36.8946	1096
2026-04-20T10:27:00-04:00	36.9500	36.8951	3090
2026-04-20T10:28:00-04:00	36.9000	36.8948	2191
2026-04-20T10:30:00-04:00	36.9450	36.8951	1490
2026-04-20T10:31:00-04:00	36.8200	36.8950	948
2026-04-20T10:32:00-04:00	36.7900	36.8936	5265
2026-04-20T10:33:00-04:00	36.9200	36.8936	1078
2026-04-20T10:34:00-04:00	36.9050	36.8935	3890
2026-04-20T10:35:00-04:00	36.7500	36.8905	9103
2026-04-20T10:36:00-04:00	36.6310	36.8899	1074
2026-04-20T10:37:00-04:00	36.8700	36.8886	4608
2026-04-20T10:38:00-04:00	36.9150	36.8891	5665
2026-04-20T10:39:00-04:00	37.2000	36.8923	4427
2026-04-20T10:40:00-04:00	37.2050	36.8936	1571
2026-04-20T10:41:00-04:00	37.1325	36.8946	1655
2026-04-20T10:42:00-04:00	36.8500	36.8946	569
2026-04-20T10:43:00-04:00	36.8350	36.8943	1448
2026-04-20T10:44:00-04:00	36.7100	36.8935	2393
2026-04-20T10:45:00-04:00	36.8250	36.8935	562
2026-04-20T10:46:00-04:00	36.9050	36.8934	2520
2026-04-20T10:47:00-04:00	36.8600	36.8934	926
2026-04-20T10:48:00-04:00	37.0100	36.8936	651
2026-04-20T10:49:00-04:00	36.9900	36.8940	1565
2026-04-20T10:50:00-04:00	37.4300	36.8952	1188
2026-04-20T10:51:00-04:00	37.1800	36.8982	4175
2026-04-20T10:52:00-04:00	37.1300	36.8993	1639
2026-04-20T10:53:00-04:00	37.0500	36.9001	3072
2026-04-20T10:54:00-04:00	37.0450	36.9002	287
2026-04-20T10:55:00-04:00	37.0450	36.9004	593
2026-04-20T10:56:00-04:00	37.0400	36.9025	7160
2026-04-20T10:57:00-04:00	37.0400	36.9032	1981
2026-04-20T10:58:00-04:00	37.2300	36.9065	5715
2026-04-20T10:59:00-04:00	37.1800	36.9069	710
2026-04-20T11:00:00-04:00	37.0800	36.9078	2674
2026-04-20T11:01:00-04:00	37.1800	36.9088	1775
2026-04-20T11:02:00-04:00	37.1300	36.9109	4410
2026-04-20T11:03:00-04:00	37.0100	36.9115	2293
2026-04-20T11:04:00-04:00	37.0100	36.9117	774
2026-04-20T11:05:00-04:00	37.0100	36.9119	586
2026-04-20T11:06:00-04:00	37.0000	36.9119	334
2026-04-20T11:07:00-04:00	36.7360	36.9105	10017
2026-04-20T11:08:00-04:00	37.1200	36.9119	6103
2026-04-20T11:09:00-04:00	37.2000	36.9169	8564
2026-04-20T11:10:00-04:00	37.0600	36.9195	5649
2026-04-20T11:11:00-04:00	37.1750	36.9204	1649
2026-04-20T11:12:00-04:00	37.2800	36.9207	522
2026-04-20T11:13:00-04:00	37.1450	36.9212	980
2026-04-20T11:14:00-04:00	37.1200	36.9245	8808
2026-04-20T11:15:00-04:00	37.1200	36.9250	1235
2026-04-20T11:16:00-04:00	37.1300	36.9254	1342
2026-04-20T11:17:00-04:00	37.1400	36.9262	1984
2026-04-20T11:18:00-04:00	37.2000	36.9275	2757
2026-04-20T11:19:00-04:00	37.0950	36.9288	3124
2026-04-20T11:20:00-04:00	36.6800	36.9185	28934
2026-04-20T11:21:00-04:00	37.0000	36.9186	1379
2026-04-20T11:22:00-04:00	37.0900	36.9187	424
2026-04-20T11:23:00-04:00	37.0600	36.9190	1399
2026-04-20T11:24:00-04:00	36.9700	36.9192	1509
2026-04-20T11:25:00-04:00	36.8600	36.9192	376
2026-04-20T11:26:00-04:00	37.0400	36.9198	5845
2026-04-20T11:28:00-04:00	36.9250	36.9198	258
2026-04-20T11:29:00-04:00	37.0000	36.9200	1697
2026-04-20T11:30:00-04:00	36.9200	36.9200	928
2026-04-20T11:31:00-04:00	37.0600	36.9204	2389
2026-04-20T11:32:00-04:00	37.0800	36.9205	599
2026-04-20T11:33:00-04:00	37.3800	36.9237	5819
2026-04-20T11:34:00-04:00	37.2600	36.9260	3542
2026-04-20T11:35:00-04:00	37.2400	36.9261	305
2026-04-20T11:36:00-04:00	37.3350	36.9276	2506
2026-04-20T11:38:00-04:00	37.2150	36.9284	1393
2026-04-20T11:39:00-04:00	37.2300	36.9290	1224
2026-04-20T11:40:00-04:00	37.2600	36.9310	3520
2026-04-20T11:41:00-04:00	37.4200	36.9348	5344
2026-04-20T11:42:00-04:00	37.5900	36.9411	6674
2026-04-20T11:43:00-04:00	37.3450	36.9461	6951
2026-04-20T11:44:00-04:00	37.3422	36.9465	627
2026-04-20T11:45:00-04:00	37.0800	36.9488	7689
2026-04-20T11:46:00-04:00	37.1500	36.9490	563
2026-04-20T11:47:00-04:00	37.1400	36.9490	100
2026-04-20T11:48:00-04:00	37.1400	36.9492	736
2026-04-20T11:50:00-04:00	37.0100	36.9495	1695
2026-04-20T11:51:00-04:00	36.9600	36.9495	4248
2026-04-20T11:52:00-04:00	36.9625	36.9496	1039
2026-04-20T11:53:00-04:00	37.0353	36.9498	2047
2026-04-20T11:54:00-04:00	36.9600	36.9498	181
2026-04-20T11:55:00-04:00	36.9900	36.9499	1324
2026-04-20T11:56:00-04:00	36.9900	36.9503	4755
2026-04-20T11:57:00-04:00	36.6700	36.9492	4254
2026-04-20T11:58:00-04:00	36.7650	36.9491	334
2026-04-20T11:59:00-04:00	36.6900	36.9487	1038
2026-04-20T12:00:00-04:00	36.5400	36.9476	2111
2026-04-20T12:01:00-04:00	36.3650	36.9437	4736
2026-04-20T12:02:00-04:00	36.3100	36.9431	656
2026-04-20T12:03:00-04:00	36.4400	36.9425	772
2026-04-20T12:04:00-04:00	36.6300	36.9355	12872
2026-04-20T12:05:00-04:00	36.5500	36.9342	2286
2026-04-20T12:06:00-04:00	36.7500	36.9333	2660
2026-04-20T12:07:00-04:00	36.7400	36.9331	730
2026-04-20T12:08:00-04:00	36.6850	36.9329	470
2026-04-20T12:09:00-04:00	36.7000	36.9323	2112
2026-04-20T12:10:00-04:00	36.7800	36.9316	2839
2026-04-20T12:12:00-04:00	36.8600	36.9315	1927
2026-04-20T12:13:00-04:00	36.9000	36.9315	499
2026-04-20T12:14:00-04:00	36.9100	36.9312	8688
2026-04-20T12:15:00-04:00	36.9000	36.9312	1328
2026-04-20T12:16:00-04:00	36.6550	36.9294	6225
2026-04-20T12:17:00-04:00	36.7300	36.9283	3483
2026-04-20T12:18:00-04:00	36.6850	36.9280	1118
2026-04-20T12:19:00-04:00	36.6500	36.9278	485
2026-04-20T12:20:00-04:00	36.8350	36.9274	2548
2026-04-20T12:22:00-04:00	36.8350	36.9273	542
2026-04-20T12:23:00-04:00	36.7600	36.9272	830
2026-04-20T12:26:00-04:00	36.7500	36.9270	747
2026-04-20T12:27:00-04:00	36.6000	36.9266	994
2026-04-20T12:28:00-04:00	36.6240	36.9261	1205
2026-04-20T12:29:00-04:00	36.5916	36.9257	844
2026-04-20T12:30:00-04:00	36.7000	36.9255	680
2026-04-20T12:31:00-04:00	36.6250	36.9253	615
2026-04-20T12:33:00-04:00	36.6100	36.9251	429
2026-04-20T12:34:00-04:00	36.6500	36.9250	214
2026-04-20T12:35:00-04:00	36.4400	36.9232	3111
2026-04-20T12:37:00-04:00	36.1200	36.9131	10197
2026-04-20T12:38:00-04:00	36.2300	36.9078	5528
2026-04-20T12:40:00-04:00	36.2200	36.9069	943
2026-04-20T12:41:00-04:00	36.4900	36.9019	7734
2026-04-20T12:42:00-04:00	36.5300	36.9011	1631
2026-04-20T12:43:00-04:00	36.4400	36.9004	1133
2026-04-20T12:44:00-04:00	36.4981	36.9002	381
2026-04-20T12:45:00-04:00	36.4500	36.8998	790
2026-04-20T12:49:00-04:00	36.4450	36.8996	241
2026-04-20T12:50:00-04:00	36.2950	36.8980	2164
2026-04-20T12:51:00-04:00	36.1500	36.8946	3672
2026-04-20T12:52:00-04:00	36.1400	36.8943	371
2026-04-20T12:53:00-04:00	36.1150	36.8933	944
2026-04-20T12:54:00-04:00	36.0800	36.8921	1159
2026-04-20T12:55:00-04:00	36.1200	36.8892	2917
2026-04-20T12:56:00-04:00	36.0850	36.8854	3672
2026-04-20T12:57:00-04:00	36.1000	36.8849	500
2026-04-20T12:58:00-04:00	36.0650	36.8834	1388
2026-04-20T12:59:00-04:00	36.1150	36.8804	3179
2026-04-20T13:00:00-04:00	36.1100	36.8780	2372
2026-04-20T13:01:00-04:00	36.1100	36.8776	444
2026-04-20T13:02:00-04:00	36.0600	36.8716	5715
2026-04-20T13:03:00-04:00	36.0950	36.8687	2920
2026-04-20T13:04:00-04:00	36.1000	36.8682	524
2026-04-20T13:05:00-04:00	36.1050	36.8678	432
2026-04-20T13:06:00-04:00	36.0800	36.8612	7050
2026-04-20T13:07:00-04:00	36.1450	36.8605	776
2026-04-20T13:09:00-04:00	36.0000	36.8589	1564
2026-04-20T13:10:00-04:00	35.9950	36.8583	512
2026-04-20T13:11:00-04:00	35.9850	36.8566	1567
2026-04-20T13:12:00-04:00	36.0500	36.8563	343
2026-04-20T13:13:00-04:00	36.1600	36.8510	5679
2026-04-20T13:14:00-04:00	36.1700	36.8492	1962
2026-04-20T13:15:00-04:00	36.2700	36.8459	4440
2026-04-20T13:16:00-04:00	36.2150	36.8449	1278
2026-04-20T13:17:00-04:00	36.2151	36.8446	433
2026-04-20T13:18:00-04:00	36.1800	36.8443	411
2026-04-20T13:19:00-04:00	36.3200	36.8394	7200
2026-04-20T13:20:00-04:00	36.3050	36.8391	524
2026-04-20T13:22:00-04:00	36.1301	36.8386	600
2026-04-20T13:23:00-04:00	36.2150	36.8384	203
2026-04-20T13:24:00-04:00	36.2150	36.8379	672
2026-04-20T13:26:00-04:00	36.2150	36.8374	664
2026-04-20T13:27:00-04:00	36.1200	36.8366	1001
2026-04-20T13:28:00-04:00	36.1000	36.8346	2159
2026-04-20T13:29:00-04:00	36.1100	36.8345	178
2026-04-20T13:30:00-04:00	36.0200	36.8335	1040
2026-04-20T13:31:00-04:00	36.1025	36.8334	156
2026-04-20T13:32:00-04:00	36.0950	36.8326	844
2026-04-20T13:34:00-04:00	36.0201	36.8324	229
2026-04-20T13:35:00-04:00	36.2100	36.8292	4123
2026-04-20T13:36:00-04:00	36.1650	36.8281	1329
2026-04-20T13:38:00-04:00	36.2293	36.8275	911
2026-04-20T13:39:00-04:00	36.1500	36.8256	2388
2026-04-20T13:40:00-04:00	36.2500	36.8239	2454
2026-04-20T13:41:00-04:00	36.1850	36.8230	1192
2026-04-20T13:42:00-04:00	36.1850	36.8228	385
2026-04-20T13:43:00-04:00	36.1200	36.8222	696
2026-04-20T13:45:00-04:00	36.0500	36.8218	457
2026-04-20T13:46:00-04:00	36.1000	36.8209	1089
2026-04-20T13:48:00-04:00	36.1000	36.8207	261
2026-04-20T13:49:00-04:00	36.2050	36.8177	4274
2026-04-20T13:50:00-04:00	36.3000	36.8165	1808
2026-04-20T13:52:00-04:00	36.2600	36.8159	930
2026-04-20T13:53:00-04:00	36.2500	36.8131	4586
2026-04-20T13:54:00-04:00	36.2400	36.8124	983
2026-04-20T13:55:00-04:00	36.2913	36.8104	3230
2026-04-20T13:56:00-04:00	36.2358	36.8100	664
2026-04-20T13:59:00-04:00	36.2500	36.8085	2066
2026-04-20T14:00:00-04:00	36.1900	36.8083	381
2026-04-20T14:01:00-04:00	36.1750	36.8077	780
2026-04-20T14:02:00-04:00	36.1700	36.8075	319
2026-04-20T14:03:00-04:00	36.2200	36.8055	2731
2026-04-20T14:04:00-04:00	36.1600	36.8054	203
2026-04-20T14:05:00-04:00	36.2850	36.8027	4193
2026-04-20T14:06:00-04:00	36.3200	36.8019	1580
2026-04-20T14:07:00-04:00	36.3800	36.8011	1491
2026-04-20T14:09:00-04:00	36.4850	36.8003	2231
2026-04-20T14:10:00-04:00	36.5500	36.8001	710
2026-04-20T14:11:00-04:00	36.4100	36.7990	2648
2026-04-20T14:12:00-04:00	36.5200	36.7985	1548
2026-04-20T14:14:00-04:00	36.5300	36.7977	2574
2026-04-20T14:16:00-04:00	36.6000	36.7976	573
2026-04-20T14:17:00-04:00	36.7250	36.7971	4234
2026-04-20T14:18:00-04:00	36.7000	36.7969	1866
2026-04-20T14:19:00-04:00	37.0400	36.7975	3914
2026-04-20T14:20:00-04:00	36.9950	36.7990	6874
2026-04-20T14:21:00-04:00	37.0400	36.7993	978
2026-04-20T14:23:00-04:00	37.2900	36.8010	3982
2026-04-20T14:24:00-04:00	37.2500	36.8015	1081
2026-04-20T14:25:00-04:00	37.3500	36.8023	1406
2026-04-20T14:26:00-04:00	37.3700	36.8047	3990
2026-04-20T14:27:00-04:00	37.2200	36.8049	441
2026-04-20T14:28:00-04:00	37.3599	36.8056	1320
2026-04-20T14:29:00-04:00	37.3600	36.8069	2374
2026-04-20T14:30:00-04:00	37.4050	36.8092	3641
2026-04-20T14:31:00-04:00	37.6000	36.8151	7654
2026-04-20T14:32:00-04:00	37.6200	36.8202	5774
2026-04-20T14:33:00-04:00	37.7100	36.8215	1454
2026-04-20T14:34:00-04:00	37.6800	36.8234	2042
2026-04-20T14:35:00-04:00	37.6918	36.8243	994
2026-04-20T14:36:00-04:00	37.6950	36.8268	2744
2026-04-20T14:37:00-04:00	37.6600	36.8422	17021
2026-04-20T14:38:00-04:00	37.7000	36.8443	2408
2026-04-20T14:39:00-04:00	37.6000	36.8446	483
2026-04-20T14:40:00-04:00	37.6400	36.8456	1212
2026-04-20T14:41:00-04:00	37.6300	36.8479	2701
2026-04-20T14:42:00-04:00	37.6650	36.8501	2678
2026-04-20T14:43:00-04:00	37.7400	36.8543	4589
2026-04-20T14:44:00-04:00	37.7450	36.8559	1718
2026-04-20T14:45:00-04:00	37.6300	36.8582	2842
2026-04-20T14:46:00-04:00	37.7200	36.8587	625
2026-04-20T14:47:00-04:00	37.9600	36.8668	7740
2026-04-20T14:48:00-04:00	37.9000	36.8703	3458
2026-04-20T14:49:00-04:00	38.0600	36.8869	14523
2026-04-20T14:50:00-04:00	38.2400	36.8963	7465
2026-04-20T14:51:00-04:00	38.2900	36.9075	8268
2026-04-20T14:52:00-04:00	38.2900	36.9147	5722
2026-04-20T14:53:00-04:00	38.3000	36.9223	5811
2026-04-20T14:54:00-04:00	38.2564	36.9266	3430
2026-04-20T14:55:00-04:00	38.2750	36.9460	15899
2026-04-20T14:56:00-04:00	38.1700	36.9570	9178
2026-04-20T14:57:00-04:00	38.1600	36.9587	1520
2026-04-20T14:58:00-04:00	38.2250	36.9600	1046
2026-04-20T14:59:00-04:00	38.2600	36.9652	4401
2026-04-20T15:00:00-04:00	38.2000	36.9654	144
2026-04-20T15:01:00-04:00	38.2100	36.9685	2810
2026-04-20T15:02:00-04:00	38.1008	36.9694	849
2026-04-20T15:03:00-04:00	38.2000	36.9764	6308
2026-04-20T15:04:00-04:00	38.2900	36.9810	3941
2026-04-20T15:05:00-04:00	38.1850	36.9819	740
2026-04-20T15:06:00-04:00	38.1800	36.9836	1530
2026-04-20T15:07:00-04:00	38.3175	36.9890	4597
2026-04-20T15:08:00-04:00	38.4100	36.9978	7011
2026-04-20T15:09:00-04:00	38.3400	37.0018	3267
2026-04-20T15:10:00-04:00	38.3442	37.0078	5000
2026-04-20T15:11:00-04:00	38.2850	37.0101	2169
2026-04-20T15:12:00-04:00	38.3500	37.0110	733
2026-04-20T15:13:00-04:00	38.3700	37.0156	3882
2026-04-20T15:14:00-04:00	38.2350	37.0165	820
2026-04-20T15:15:00-04:00	38.0900	37.0173	733
2026-04-20T15:16:00-04:00	38.2723	37.0181	737
2026-04-20T15:17:00-04:00	38.2000	37.0185	387
2026-04-20T15:18:00-04:00	38.2400	37.0222	3463
2026-04-20T15:19:00-04:00	38.4800	37.0418	16169
2026-04-20T15:20:00-04:00	38.4700	37.0453	2840
2026-04-20T15:21:00-04:00	38.5360	37.0484	2325
2026-04-20T15:22:00-04:00	38.6500	37.0619	9861
2026-04-20T15:23:00-04:00	38.6500	37.0757	10113
2026-04-20T15:24:00-04:00	38.6350	37.0833	5736
2026-04-20T15:25:00-04:00	38.6350	37.0892	4407
2026-04-20T15:26:00-04:00	38.5750	37.0949	4355
2026-04-20T15:27:00-04:00	38.3700	37.1081	12003
2026-04-20T15:28:00-04:00	38.3650	37.1112	2980
2026-04-20T15:29:00-04:00	38.4400	37.1133	1920
2026-04-20T15:30:00-04:00	38.3700	37.1169	3372
2026-04-20T15:31:00-04:00	38.4200	37.1184	1380
2026-04-20T15:32:00-04:00	38.3300	37.1213	2868
2026-04-20T15:33:00-04:00	38.4100	37.1248	3299
2026-04-20T15:34:00-04:00	38.3700	37.1258	1011
2026-04-20T15:35:00-04:00	38.1850	37.1373	12637
2026-04-20T15:36:00-04:00	38.3700	37.1423	5199
2026-04-20T15:37:00-04:00	38.3450	37.1446	2371
2026-04-20T15:38:00-04:00	38.3310	37.1476	3098
2026-04-20T15:39:00-04:00	38.4050	37.1508	3186
2026-04-20T15:40:00-04:00	38.3200	37.1576	7162
2026-04-20T15:41:00-04:00	38.3600	37.1596	2024
2026-04-20T15:42:00-04:00	38.3300	37.1618	2392
2026-04-20T15:43:00-04:00	38.4950	37.1736	11400
2026-04-20T15:45:00-04:00	37.8800	37.1936	29245
2026-04-20T15:46:00-04:00	37.8100	37.1985	9529
2026-04-20T15:47:00-04:00	38.1300	37.2042	8724
2026-04-20T15:48:00-04:00	38.1000	37.2100	8390
2026-04-20T15:49:00-04:00	38.1800	37.2133	4678
2026-04-20T15:50:00-04:00	38.1800	37.2194	8635
2026-04-20T15:51:00-04:00	38.1150	37.2247	8004
2026-04-20T15:52:00-04:00	38.3000	37.2312	8687
2026-04-20T15:53:00-04:00	38.3379	37.2364	6408
2026-04-20T15:54:00-04:00	38.3000	37.2395	3900
2026-04-20T15:55:00-04:00	38.3150	37.2546	19380
2026-04-20T15:56:00-04:00	38.2200	37.2634	12427
2026-04-20T15:57:00-04:00	38.3000	37.2770	17875
2026-04-20T15:58:00-04:00	38.3300	37.2992	29172
2026-04-20T15:59:00-04:00	38.3900	37.3355	49576
2026-04-21T09:30:00-04:00	39.1500	39.3133	130177
2026-04-21T09:31:00-04:00	40.0000	39.3438	12936
2026-04-21T09:32:00-04:00	40.6900	39.8233	132827
2026-04-21T09:33:00-04:00	41.5700	40.0765	55663
2026-04-21T09:34:00-04:00	41.4400	40.2430	47296
2026-04-21T09:35:00-04:00	41.6125	40.3724	49618
2026-04-21T09:36:00-04:00	41.8400	40.4540	29907
2026-04-21T09:37:00-04:00	42.3200	40.6388	53712
2026-04-21T09:38:00-04:00	42.9800	40.8971	69806
2026-04-21T09:39:00-04:00	43.0400	41.0384	41298
2026-04-21T09:40:00-04:00	43.4800	41.1660	39279
2026-04-21T09:41:00-04:00	43.0800	41.3485	68360
2026-04-21T09:42:00-04:00	43.2350	41.4332	36464
2026-04-21T09:43:00-04:00	43.4900	41.4698	14789
2026-04-21T09:44:00-04:00	43.0900	41.5148	22296
2026-04-21T09:45:00-04:00	43.6500	41.5425	11826
2026-04-21T09:46:00-04:00	43.8250	41.7136	64443
2026-04-21T09:47:00-04:00	43.0450	41.7561	24660
2026-04-21T09:48:00-04:00	42.7600	41.7927	34734
2026-04-21T09:49:00-04:00	42.6600	41.8055	12300
2026-04-21T09:50:00-04:00	42.5100	41.8150	11537
2026-04-21T09:51:00-04:00	42.2700	41.8308	25581
2026-04-21T09:52:00-04:00	42.2000	41.8353	11437
2026-04-21T09:53:00-04:00	42.3500	41.8451	26218
2026-04-21T09:54:00-04:00	42.8317	41.8618	19175
2026-04-21T09:55:00-04:00	42.7400	41.8729	13589
2026-04-21T09:56:00-04:00	42.7400	41.8842	13690
2026-04-21T09:57:00-04:00	42.4600	41.8931	15781
2026-04-21T09:58:00-04:00	42.0001	41.8964	14619
2026-04-21T09:59:00-04:00	41.3500	41.8892	31263
2026-04-21T10:00:00-04:00	41.9300	41.8852	26055
2026-04-21T10:01:00-04:00	42.0099	41.8858	7361
2026-04-21T10:02:00-04:00	41.9300	41.8840	22796
2026-04-21T10:03:00-04:00	42.0700	41.8851	7285
2026-04-21T10:04:00-04:00	42.4050	41.8907	12983
2026-04-21T10:05:00-04:00	42.5500	41.8958	9924
2026-04-21T10:06:00-04:00	42.5675	41.8987	5441
2026-04-21T10:07:00-04:00	42.3100	41.9097	29664
2026-04-21T10:08:00-04:00	41.9100	41.9123	18887
2026-04-21T10:09:00-04:00	41.9590	41.9124	10178
2026-04-21T10:10:00-04:00	41.3400	41.9090	12729
2026-04-21T10:11:00-04:00	41.3227	41.8929	31161
2026-04-21T10:12:00-04:00	41.5000	41.8905	7502
2026-04-21T10:13:00-04:00	41.7550	41.8892	8820
2026-04-21T10:14:00-04:00	41.5080	41.8833	23301
2026-04-21T10:15:00-04:00	41.9400	41.8818	11993
2026-04-21T10:16:00-04:00	41.7750	41.8814	9253
2026-04-21T10:17:00-04:00	42.0000	41.8818	5316
2026-04-21T10:18:00-04:00	42.1999	41.8828	6092
2026-04-21T10:19:00-04:00	42.0850	41.8842	10070
2026-04-21T10:20:00-04:00	42.0700	41.8867	15464
2026-04-21T10:21:00-04:00	42.2450	41.8912	18667
2026-04-21T10:22:00-04:00	42.5850	41.8946	7423
2026-04-21T10:23:00-04:00	42.4850	41.8997	11739
2026-04-21T10:24:00-04:00	42.9000	41.9107	18822
2026-04-21T10:25:00-04:00	42.9100	41.9145	7029
2026-04-21T10:26:00-04:00	42.8400	41.9199	9194
2026-04-21T10:27:00-04:00	42.9000	41.9258	9280
2026-04-21T10:28:00-04:00	42.7900	41.9348	15592
2026-04-21T10:29:00-04:00	42.7375	41.9410	11241
2026-04-21T10:30:00-04:00	42.6250	41.9433	4819
2026-04-21T10:31:00-04:00	42.6574	41.9473	9633
2026-04-21T10:32:00-04:00	42.5900	41.9486	2905
2026-04-21T10:33:00-04:00	42.4850	41.9519	9943
2026-04-21T10:34:00-04:00	42.6200	41.9549	7286
2026-04-21T10:35:00-04:00	42.3680	41.9587	11550
2026-04-21T10:36:00-04:00	42.5200	41.9588	476
2026-04-21T10:37:00-04:00	42.6600	41.9601	2960
2026-04-21T10:38:00-04:00	42.5650	41.9616	3878
2026-04-21T10:39:00-04:00	42.7100	41.9623	1701
2026-04-21T10:40:00-04:00	42.6733	41.9631	1835
2026-04-21T10:41:00-04:00	42.5463	41.9643	2769
2026-04-21T10:42:00-04:00	42.5150	41.9668	7575
2026-04-21T10:43:00-04:00	42.6700	41.9671	609
2026-04-21T10:44:00-04:00	42.6600	41.9694	5558
2026-04-21T10:45:00-04:00	42.5200	41.9711	4841
2026-04-21T10:46:00-04:00	42.5000	41.9725	4812
2026-04-21T10:47:00-04:00	42.4500	41.9736	3944
2026-04-21T10:48:00-04:00	42.3147	41.9753	6809
2026-04-21T10:49:00-04:00	42.2100	41.9766	7584
2026-04-21T10:50:00-04:00	42.2100	41.9778	6404
2026-04-21T10:51:00-04:00	42.2200	41.9784	3716
2026-04-21T10:52:00-04:00	41.9050	41.9787	28074
2026-04-21T10:53:00-04:00	41.8650	41.9782	5809
2026-04-21T10:54:00-04:00	41.8850	41.9778	4854
2026-04-21T10:55:00-04:00	41.9750	41.9777	9338
2026-04-21T10:56:00-04:00	42.1750	41.9787	10604
2026-04-21T10:57:00-04:00	41.9200	41.9787	6819
2026-04-21T10:58:00-04:00	41.7100	41.9779	8062
2026-04-21T10:59:00-04:00	41.3900	41.9716	21729
2026-04-21T11:00:00-04:00	41.1600	41.9594	28493
2026-04-21T11:01:00-04:00	41.0850	41.9150	92028
2026-04-21T11:02:00-04:00	41.2600	41.9084	17112
2026-04-21T11:03:00-04:00	41.2300	41.9052	8735
2026-04-21T11:04:00-04:00	41.3500	41.9029	8017
2026-04-21T11:05:00-04:00	41.1300	41.9020	2164
2026-04-21T11:06:00-04:00	41.1950	41.8994	6415
2026-04-21T11:07:00-04:00	41.6700	41.8972	12457
2026-04-21T11:08:00-04:00	41.6050	41.8951	13523
2026-04-21T11:09:00-04:00	41.7200	41.8939	10583
2026-04-21T11:10:00-04:00	41.9000	41.8938	5750
2026-04-21T11:11:00-04:00	41.9400	41.8940	6427
2026-04-21T11:12:00-04:00	41.9100	41.8940	4047
2026-04-21T11:13:00-04:00	42.0000	41.8943	6910
2026-04-21T11:14:00-04:00	42.3450	41.8949	3137
2026-04-21T11:15:00-04:00	42.5800	41.9010	17113
2026-04-21T11:16:00-04:00	42.4800	41.9018	2684
2026-04-21T11:17:00-04:00	42.4000	41.9033	6076
2026-04-21T11:18:00-04:00	42.4150	41.9043	3695
2026-04-21T11:19:00-04:00	42.7591	41.9049	1666
2026-04-21T11:20:00-04:00	43.2075	41.9129	14699
2026-04-21T11:21:00-04:00	43.2395	41.9239	16823
2026-04-21T11:22:00-04:00	43.1750	41.9368	20662
2026-04-21T11:23:00-04:00	42.7000	41.9424	12702
2026-04-21T11:24:00-04:00	42.5400	41.9438	4879
2026-04-21T11:25:00-04:00	42.0400	41.9444	4627
2026-04-21T11:26:00-04:00	42.1800	41.9448	3935
2026-04-21T11:27:00-04:00	42.2350	41.9453	4774
2026-04-21T11:28:00-04:00	42.2000	41.9464	8425
2026-04-21T11:29:00-04:00	42.2000	41.9467	2235
2026-04-21T11:30:00-04:00	42.3268	41.9468	1131
2026-04-21T11:31:00-04:00	42.3200	41.9477	5441
2026-04-21T11:32:00-04:00	42.3500	41.9490	5905
2026-04-21T11:33:00-04:00	42.6000	41.9523	11569
2026-04-21T11:34:00-04:00	42.4100	41.9542	8748
2026-04-21T11:35:00-04:00	42.3500	41.9544	1524
2026-04-21T11:36:00-04:00	42.2250	41.9548	3127
2026-04-21T11:37:00-04:00	42.2200	41.9549	1526
2026-04-21T11:38:00-04:00	42.0901	41.9552	3307
2026-04-21T11:39:00-04:00	42.3550	41.9570	10098
2026-04-21T11:40:00-04:00	42.5800	41.9589	7047
2026-04-21T11:41:00-04:00	42.5100	41.9600	4288
2026-04-21T11:42:00-04:00	42.5100	41.9613	5325
2026-04-21T11:43:00-04:00	42.4550	41.9624	4953
2026-04-21T11:44:00-04:00	42.4300	41.9632	3286
2026-04-21T11:45:00-04:00	42.4100	41.9657	12595
2026-04-21T11:46:00-04:00	42.3700	41.9699	24278
2026-04-21T11:47:00-04:00	42.3400	41.9706	4358
2026-04-21T11:48:00-04:00	42.3950	41.9727	9793
2026-04-21T11:49:00-04:00	42.3100	41.9732	2911
2026-04-21T11:50:00-04:00	42.3600	41.9739	3704
2026-04-21T11:51:00-04:00	42.2700	41.9745	4687
2026-04-21T11:52:00-04:00	42.0850	41.9751	12372
2026-04-21T11:53:00-04:00	41.9600	41.9751	5486
2026-04-21T11:54:00-04:00	41.9500	41.9751	510
2026-04-21T11:55:00-04:00	41.8600	41.9751	1139
2026-04-21T11:56:00-04:00	41.9800	41.9749	27583
2026-04-21T11:57:00-04:00	41.9650	41.9750	1358
2026-04-21T11:58:00-04:00	41.9000	41.9747	8614
2026-04-21T11:59:00-04:00	41.7700	41.9728	21116
2026-04-21T12:00:00-04:00	42.0000	41.9725	18352
2026-04-21T12:01:00-04:00	41.8800	41.9724	4595
2026-04-21T12:02:00-04:00	41.8750	41.9723	2721
2026-04-21T12:03:00-04:00	41.7950	41.9721	2755
2026-04-21T12:04:00-04:00	42.1000	41.9723	12995
2026-04-21T12:05:00-04:00	42.1400	41.9725	3466
2026-04-21T12:06:00-04:00	42.4800	41.9731	3678
2026-04-21T12:07:00-04:00	42.6500	41.9741	3518
2026-04-21T12:08:00-04:00	42.6600	41.9758	6009
2026-04-21T12:09:00-04:00	42.8899	41.9776	5116
2026-04-21T12:10:00-04:00	42.5950	41.9786	3461
2026-04-21T12:11:00-04:00	42.6700	41.9792	1950
2026-04-21T12:13:00-04:00	42.6800	41.9800	2644
2026-04-21T12:15:00-04:00	42.6500	41.9806	1989
2026-04-21T12:16:00-04:00	42.5400	41.9812	2321
2026-04-21T12:17:00-04:00	42.4800	41.9824	5624
2026-04-21T12:18:00-04:00	42.5778	41.9830	2213
2026-04-21T12:19:00-04:00	42.9800	41.9868	10794
2026-04-21T12:20:00-04:00	42.9700	41.9877	2264
2026-04-21T12:21:00-04:00	43.0900	41.9890	3191
2026-04-21T12:22:00-04:00	42.8650	41.9903	3168
2026-04-21T12:23:00-04:00	42.9529	41.9913	2686
2026-04-21T12:24:00-04:00	42.8600	41.9916	607
2026-04-21T12:25:00-04:00	43.0500	41.9919	914
2026-04-21T12:26:00-04:00	43.0200	41.9946	6188
2026-04-21T12:27:00-04:00	43.0200	41.9948	353
2026-04-21T12:28:00-04:00	43.0300	41.9962	3372
2026-04-21T12:29:00-04:00	42.8800	41.9967	1354
2026-04-21T12:30:00-04:00	43.1000	41.9982	3229
2026-04-21T12:31:00-04:00	43.0550	41.9984	643
2026-04-21T12:32:00-04:00	43.0400	41.9992	1744
2026-04-21T12:33:00-04:00	43.0300	42.0003	2599
2026-04-21T12:34:00-04:00	42.6801	42.0017	4234
2026-04-21T12:35:00-04:00	42.8000	42.0020	1000
2026-04-21T12:36:00-04:00	42.5200	42.0037	8105
2026-04-21T12:37:00-04:00	42.4600	42.0053	8852
2026-04-21T12:38:00-04:00	42.3500	42.0056	1880
2026-04-21T12:39:00-04:00	42.3700	42.0057	888
2026-04-21T12:40:00-04:00	42.4400	42.0061	1976
2026-04-21T12:41:00-04:00	42.6350	42.0074	5322
2026-04-21T12:42:00-04:00	42.5500	42.0092	7727
2026-04-21T12:43:00-04:00	42.2200	42.0096	2957
2026-04-21T12:44:00-04:00	41.7850	42.0086	15014
2026-04-21T12:45:00-04:00	41.8400	42.0086	521
2026-04-21T12:46:00-04:00	42.1850	42.0088	7156
2026-04-21T12:47:00-04:00	42.0900	42.0089	2623
2026-04-21T12:48:00-04:00	42.5199	42.0095	3483
2026-04-21T12:49:00-04:00	42.5900	42.0099	2073
2026-04-21T12:50:00-04:00	42.5400	42.0103	1753
2026-04-21T12:51:00-04:00	42.6400	42.0108	2130
2026-04-21T12:52:00-04:00	42.7371	42.0120	4434
2026-04-21T12:53:00-04:00	42.7300	42.0127	2056
2026-04-21T12:54:00-04:00	42.6150	42.0128	633
2026-04-21T12:55:00-04:00	42.6300	42.0143	5790
2026-04-21T12:56:00-04:00	42.5600	42.0148	2249
2026-04-21T12:57:00-04:00	42.4000	42.0156	4719
2026-04-21T12:58:00-04:00	42.4900	42.0156	265
2026-04-21T12:59:00-04:00	42.5700	42.0163	3856
2026-04-21T13:00:00-04:00	42.5700	42.0165	896
2026-04-21T13:01:00-04:00	42.6300	42.0179	5785
2026-04-21T13:02:00-04:00	42.6600	42.0188	3409
2026-04-21T13:03:00-04:00	42.7201	42.0220	10835
2026-04-21T13:04:00-04:00	42.8700	42.0223	1038
2026-04-21T13:05:00-04:00	42.5700	42.0292	28650
2026-04-21T13:06:00-04:00	42.4399	42.0294	1072
2026-04-21T13:07:00-04:00	42.5000	42.0296	1489
2026-04-21T13:08:00-04:00	42.3300	42.0300	3753
2026-04-21T13:09:00-04:00	42.3500	42.0303	2554
2026-04-21T13:10:00-04:00	42.3850	42.0311	7263
2026-04-21T13:11:00-04:00	42.2900	42.0312	555
2026-04-21T13:12:00-04:00	41.9500	42.0312	5143
2026-04-21T13:13:00-04:00	41.9700	42.0311	3578
2026-04-21T13:14:00-04:00	42.0700	42.0311	1642
2026-04-21T13:15:00-04:00	41.9750	42.0311	918
2026-04-21T13:16:00-04:00	42.1200	42.0311	3328
2026-04-21T13:17:00-04:00	42.0800	42.0311	346
2026-04-21T13:18:00-04:00	41.7000	42.0302	10594
2026-04-21T13:19:00-04:00	41.6732	42.0295	5863
2026-04-21T13:20:00-04:00	41.3700	42.0277	9358
2026-04-21T13:21:00-04:00	41.7385	42.0273	3448
2026-04-21T13:22:00-04:00	41.6900	42.0271	1202
2026-04-21T13:23:00-04:00	41.7000	42.0270	1191
2026-04-21T13:24:00-04:00	41.7900	42.0266	4286
2026-04-21T13:25:00-04:00	41.8750	42.0263	4934
2026-04-21T13:26:00-04:00	41.9800	42.0263	678
2026-04-21T13:27:00-04:00	41.9800	42.0263	702
2026-04-21T13:28:00-04:00	41.8650	42.0262	821
2026-04-21T13:29:00-04:00	41.8650	42.0262	1009
2026-04-21T13:31:00-04:00	41.3250	42.0196	32303
2026-04-21T13:32:00-04:00	41.5200	42.0188	3325
2026-04-21T13:33:00-04:00	41.6400	42.0182	3671
2026-04-21T13:34:00-04:00	41.6600	42.0177	4048
2026-04-21T13:35:00-04:00	41.2250	42.0135	16780
2026-04-21T13:36:00-04:00	41.0950	42.0119	4972
2026-04-21T13:37:00-04:00	40.8600	42.0047	17796
2026-04-21T13:38:00-04:00	41.1600	42.0015	9514
2026-04-21T13:39:00-04:00	41.3800	42.0011	1648
2026-04-21T13:40:00-04:00	41.6300	42.0005	4012
2026-04-21T13:41:00-04:00	41.6100	42.0003	1259
2026-04-21T13:42:00-04:00	41.8200	41.9994	9848
2026-04-21T13:43:00-04:00	41.5594	41.9991	2253
2026-04-21T13:44:00-04:00	41.6450	41.9989	1634
2026-04-21T13:45:00-04:00	41.6850	41.9987	1148
2026-04-21T13:46:00-04:00	41.5396	41.9987	528
2026-04-21T13:47:00-04:00	41.6800	41.9985	1060
2026-04-21T13:48:00-04:00	41.8100	41.9985	593
2026-04-21T13:49:00-04:00	41.7350	41.9984	666
2026-04-21T13:50:00-04:00	41.8700	41.9984	598
2026-04-21T13:51:00-04:00	41.8200	41.9982	2289
2026-04-21T13:52:00-04:00	41.8500	41.9982	699
2026-04-21T13:53:00-04:00	41.9000	41.9980	4472
2026-04-21T13:54:00-04:00	41.8750	41.9979	1196
2026-04-21T13:55:00-04:00	41.9300	41.9977	3237
2026-04-21T13:56:00-04:00	41.7300	41.9972	4384
2026-04-21T13:57:00-04:00	41.6500	41.9972	211
2026-04-21T13:58:00-04:00	41.8550	41.9971	1587
2026-04-21T13:59:00-04:00	41.9100	41.9971	682
2026-04-21T14:00:00-04:00	41.8538	41.9969	4649
2026-04-21T14:01:00-04:00	41.9200	41.9969	1281
2026-04-21T14:02:00-04:00	41.9800	41.9969	950
2026-04-21T14:03:00-04:00	41.9000	41.9969	1525
2026-04-21T14:04:00-04:00	41.9775	41.9969	871
2026-04-21T14:05:00-04:00	41.7700	41.9967	2071
2026-04-21T14:06:00-04:00	41.7500	41.9965	1639
2026-04-21T14:07:00-04:00	41.7400	41.9964	1125
2026-04-21T14:08:00-04:00	41.8400	41.9964	791
2026-04-21T14:09:00-04:00	41.9100	41.9959	13297
2026-04-21T14:10:00-04:00	41.8050	41.9958	1717
2026-04-21T14:11:00-04:00	41.8700	41.9957	1914
2026-04-21T14:12:00-04:00	41.8700	41.9957	552
2026-04-21T14:13:00-04:00	41.9600	41.9956	2230
2026-04-21T14:14:00-04:00	41.9600	41.9956	3127
2026-04-21T14:15:00-04:00	41.9800	41.9955	728
2026-04-21T14:16:00-04:00	41.7800	41.9951	8194
2026-04-21T14:17:00-04:00	41.7750	41.9950	1073
2026-04-21T14:18:00-04:00	41.7800	41.9950	269
2026-04-21T14:19:00-04:00	41.7800	41.9949	958
2026-04-21T14:20:00-04:00	41.7700	41.9949	434
2026-04-21T14:21:00-04:00	41.7650	41.9949	121
2026-04-21T14:22:00-04:00	41.8406	41.9948	1088
2026-04-21T14:23:00-04:00	41.8600	41.9947	2269
2026-04-21T14:24:00-04:00	41.8800	41.9947	524
2026-04-21T14:25:00-04:00	41.9200	41.9947	316
2026-04-21T14:26:00-04:00	41.9100	41.9947	392
2026-04-21T14:27:00-04:00	41.8900	41.9946	540
2026-04-21T14:28:00-04:00	41.8900	41.9946	680
2026-04-21T14:29:00-04:00	41.8600	41.9945	2106
2026-04-21T14:30:00-04:00	41.9100	41.9945	1129
2026-04-21T14:31:00-04:00	41.9400	41.9944	4495
2026-04-21T14:32:00-04:00	42.0100	41.9944	1748
2026-04-21T14:33:00-04:00	42.1432	41.9947	11657
2026-04-21T14:34:00-04:00	42.1400	41.9952	7428
2026-04-21T14:35:00-04:00	42.1600	41.9952	747
2026-04-21T14:36:00-04:00	41.9650	41.9953	13925
2026-04-21T14:37:00-04:00	41.8850	41.9952	3236
2026-04-21T14:38:00-04:00	41.9000	41.9952	261
2026-04-21T14:39:00-04:00	41.8850	41.9951	2272
2026-04-21T14:40:00-04:00	41.9100	41.9950	1991
2026-04-21T14:41:00-04:00	42.0100	41.9950	6076
2026-04-21T14:42:00-04:00	42.0200	41.9950	668
2026-04-21T14:43:00-04:00	42.0400	41.9950	3454
2026-04-21T14:44:00-04:00	41.9700	41.9950	2995
2026-04-21T14:45:00-04:00	41.8750	41.9950	1374
2026-04-21T14:46:00-04:00	41.9125	41.9949	2138
2026-04-21T14:47:00-04:00	41.8800	41.9948	2163
2026-04-21T14:48:00-04:00	41.8800	41.9948	341
2026-04-21T14:49:00-04:00	41.9100	41.9948	637
2026-04-21T14:50:00-04:00	41.8500	41.9947	1620
2026-04-21T14:51:00-04:00	42.2500	41.9952	11783
2026-04-21T14:52:00-04:00	42.0100	41.9953	5177
2026-04-21T14:53:00-04:00	41.9950	41.9953	1536
2026-04-21T14:54:00-04:00	42.0350	41.9954	2153
2026-04-21T14:55:00-04:00	42.2148	41.9957	5982
2026-04-21T14:56:00-04:00	42.4200	41.9966	7954
2026-04-21T14:57:00-04:00	42.5600	41.9973	3652
2026-04-21T14:58:00-04:00	42.5100	41.9987	8974
2026-04-21T14:59:00-04:00	42.4600	41.9989	1101
2026-04-21T15:00:00-04:00	42.3750	41.9992	2885
2026-04-21T15:01:00-04:00	42.3750	41.9993	837
2026-04-21T15:02:00-04:00	42.3500	41.9994	466
2026-04-21T15:03:00-04:00	42.3100	41.9996	1739
2026-04-21T15:04:00-04:00	42.3150	41.9996	360
2026-04-21T15:05:00-04:00	42.5550	42.0006	5760
2026-04-21T15:06:00-04:00	42.5200	42.0010	1799
2026-04-21T15:07:00-04:00	42.4750	42.0013	1747
2026-04-21T15:08:00-04:00	42.4783	42.0017	2479
2026-04-21T15:09:00-04:00	42.4700	42.0030	7933
2026-04-21T15:10:00-04:00	42.4700	42.0031	642
2026-04-21T15:11:00-04:00	42.4276	42.0035	2716
2026-04-21T15:12:00-04:00	42.4500	42.0037	1268
2026-04-21T15:13:00-04:00	42.6700	42.0042	2486
2026-04-21T15:14:00-04:00	42.3600	42.0054	7928
2026-04-21T15:15:00-04:00	42.4700	42.0056	719
2026-04-21T15:16:00-04:00	42.5956	42.0062	3026
2026-04-21T15:17:00-04:00	42.6500	42.0078	8074
2026-04-21T15:18:00-04:00	42.6355	42.0117	16078
2026-04-21T15:19:00-04:00	42.7900	42.0124	2490
2026-04-21T15:20:00-04:00	42.9000	42.0126	924
2026-04-21T15:21:00-04:00	42.8900	42.0137	3349
2026-04-21T15:22:00-04:00	42.9350	42.0143	2156
2026-04-21T15:23:00-04:00	43.0800	42.0155	3485
2026-04-21T15:24:00-04:00	43.1400	42.0168	3472
2026-04-21T15:25:00-04:00	43.1550	42.0196	7489
2026-04-21T15:26:00-04:00	42.9400	42.0217	6580
2026-04-21T15:27:00-04:00	43.0950	42.0233	4746
2026-04-21T15:28:00-04:00	43.0050	42.0260	8463
2026-04-21T15:29:00-04:00	43.0000	42.0270	3268
2026-04-21T15:30:00-04:00	43.0000	42.0278	2409
2026-04-21T15:31:00-04:00	42.9350	42.0291	4158
2026-04-21T15:32:00-04:00	43.0100	42.0299	2700
2026-04-21T15:33:00-04:00	43.0000	42.0307	2765
2026-04-21T15:34:00-04:00	43.0899	42.0311	1091
2026-04-21T15:35:00-04:00	43.0874	42.0322	3282
2026-04-21T15:36:00-04:00	42.9600	42.0332	3503
2026-04-21T15:37:00-04:00	42.9800	42.0336	1382
2026-04-21T15:38:00-04:00	42.6450	42.0358	9669
2026-04-21T15:39:00-04:00	42.6950	42.0371	6608
2026-04-21T15:40:00-04:00	42.6275	42.0379	4369
2026-04-21T15:41:00-04:00	42.4775	42.0391	8036
2026-04-21T15:42:00-04:00	42.2550	42.0400	11540
2026-04-21T15:43:00-04:00	41.5200	42.0376	24425
2026-04-21T15:44:00-04:00	41.1000	42.0169	74069
2026-04-21T15:45:00-04:00	41.2700	42.0136	13487
2026-04-21T15:46:00-04:00	41.1200	42.0122	5544
2026-04-21T15:47:00-04:00	41.2707	42.0107	6346
2026-04-21T15:48:00-04:00	41.2650	42.0099	3759
2026-04-21T15:49:00-04:00	41.6300	42.0079	13198
2026-04-21T15:50:00-04:00	41.7300	42.0072	7474
2026-04-21T15:51:00-04:00	41.3800	42.0061	6790
2026-04-21T15:52:00-04:00	40.9700	42.0025	13013
2026-04-21T15:53:00-04:00	41.1450	41.9997	10430
2026-04-21T15:54:00-04:00	41.2050	41.9985	4857
2026-04-21T15:55:00-04:00	41.2500	41.9965	8506
2026-04-21T15:56:00-04:00	41.2350	41.9953	5572
2026-04-21T15:57:00-04:00	41.3200	41.9858	43984
2026-04-21T15:58:00-04:00	41.5100	41.9819	24602
2026-04-21T15:59:00-04:00	41.2700	41.9761	34127
